CAS (0),ChemicalName (1),Label (2),MRF (3),molecularWeight (4),overloadMass_1 (5),E (6),S (6),A (7),L (8),combustionEnthalpy,numBenzene,numCarbon,numHydrogen,numOxygen,numNitrogen,numSulfur,numFluorine,numChlorine,numBromine,numSilicon,,,
5675-51-4,1.12-Dodecanediol,,1.401,202.33,318.7,0.456,0.807,0.817,7.531,1725.6,0,12,26,2,0,0,0,0,0,0,,,9.611
95-94-3,1.2.4.5-Tetrachlorobenzene,Halogenated,0.534,215.88,344.1,1.022,0.695,0,5.957,566.5,1,6,2,0,0,0,0,4,0,0,,,7.674
120-82-1,1.2.4-Trichlorobenzene,Halogenated,0.577,181.43,353.4,1.022,0.746,0,5.198,615.7,1,6,3,0,0,0,0,3,0,0,,,6.966
53-70-3,1.2.5.6-Dibenzoanthracene,PAH,2.654,278.33,200.0,3.837,2.286,0,12.53,2595.5,4,22,14,0,0,0,0,0,0,0,,,18.653
95-50-1,1.2-Dichlorobenzene,Halogenated,0.619,146.99,364.1,0.872,0.775,0,4.507,665,1,6,4,0,0,0,0,2,0,0,,,6.154
95-47-6,1.2-Dimethylbenzene,,0.956,106.16,377.1,0.663,0.547,0,3.948,1058.1,1,8,10,0,0,0,0,0,0,0,,,5.158
102-25-0,1.3.5-Triethylbenzene,,1.461,162.26,357.1,0.67,0.5,0,5.511,1647.2,1,12,18,0,0,0,0,0,0,0,,,6.681
108-36-1,1.3-Dibromobenzene,Halogenated,0.769,235.89,350.1,1.198,0.798,0,5.218,696.1,1,6,4,0,0,0,0,0,2,0,,,7.214
541-73-1,1.3-Dichlorobenzene,Halogenated,0.619,146.99,366.5,0.852,0.692,0,4.421,665,1,6,4,0,0,0,0,2,0,0,,,5.965
108-46-3,1.3-Dihydroxybenzene,,0.621,110.11,338.5,0.973,0.963,1.286,4.877,667.2,1,6,6,2,0,0,0,0,0,0,,,8.099
108-38-3,1.3-Dimethylbenzene,,0.956,106.16,379.5,0.625,0.504,0,3.845,1058.1,1,8,10,0,0,0,0,0,0,0,,,4.974
99-65-0,1.3-Dinitrobenzene,,0.514,168.11,331.0,0.985,1.715,0,5.971,542.1,1,6,4,4,2,0,0,0,0,0,,,8.671
106-42-3,1.4-Dimethylbenzene,,0.956,106.16,379.7,0.615,0.494,0,3.852,1058.1,1,8,10,0,0,0,0,0,0,0,,,4.961
941-98-0,1-Acetonaphthone,,1.397,170.20,318.8,1.517,1.436,0,6.649,1424.2,2,12,10,1,0,0,0,0,0,0,,,9.602
143-15-7,1-Bromododecane,Halogenated,1.516,249.22,339.9,0.332,0.374,0,7.287,1788.3,0,12,25,0,0,0,0,0,1,0,,,7.993
90-11-9,1-Bromonaphthalene,Halogenated,1.256,207.06,324.3,1.594,1.033,0,6.558,1187.8,2,10,7,0,0,0,0,0,1,0,,,9.185
90-13-1,1-Chloronaphthalene,Halogenated,1.181,162.61,332.3,1.419,0.964,0,6.188,1172.3,2,10,7,0,0,0,0,1,0,0,,,8.571
693-02-7,1-Hexyne,,0.651,82.14,404.5,0.167,0.275,0.091,2.541,851,0,6,10,0,0,0,0,0,0,0,,,3.074
129-43-1,1-Hydroxyanthraquinone,,1.454,224.20,285.8,1.502,1.489,0.049,9.077,1491.3,2,14,8,3,0,0,0,0,0,0,,,12.117
90-12-0,1-Methylnaphthalene,,1.349,142.19,340.5,1.332,0.916,0,5.699,1368.8,2,11,10,0,0,0,0,0,0,0,,,7.947
90-15-3,1-Naphthol,,1.182,144.16,320.7,1.407,1.101,0.758,6.192,1173.4,2,10,8,1,0,0,0,0,0,0,,,9.458
773-99-9,1-Naphthylethanol,,1.434,172.22,310.4,1.583,1.247,0.426,6.984,1467.9,2,12,12,1,0,0,0,0,0,0,,,10.24
86-57-7,1-Nitronaphthalene,,1.128,173.16,317.3,1.392,1.482,0,6.842,1110.8,2,10,7,2,1,0,0,0,0,0,,,9.716
108-03-2,1-Nitropropane,,0.253,89.09,391.1,0.243,0.926,0.046,2.882,385.8,0,3,7,2,1,0,0,0,0,0,,,4.097
5522-43-0,1-Nitropyrene,,1.698,247.24,243.7,2.789,2.063,0,10.474,1775.9,2,16,9,2,1,0,0,0,0,0,,,15.326
93-54-9,1-Phenyl-1-propanol,,1.041,136.19,349.9,0.81,0.866,0.395,5.159,1157.2,1,9,12,1,0,0,0,0,0,0,,,7.23
698-87-3,1-Phenyl-2-propanol,,1.041,136.19,356.6,0.787,0.782,0.316,4.835,1157.2,1,9,12,1,0,0,0,0,0,0,,,6.72
98-85-1,1-Phenylethanol,,0.915,122.16,360.8,0.782,0.725,0.424,4.473,1009.9,1,8,10,1,0,0,0,0,0,0,,,
526-75-0,2.3-Dimethylphenol,,0.915,122.16,351.9,0.851,0.8,0.564,4.862,1009.9,1,8,10,1,0,0,0,0,0,0,,,
95-68-1,2.4-Dimethylaniline,,0.981,121.18,351.6,1.003,0.726,0.373,5.003,1087.4,1,8,11,0,1,0,0,0,0,0,,,
97-02-9,2.4-Dinitroaniline,,0.539,183.13,289.8,1.496,2.351,0.284,7.681,571.4,1,6,5,4,3,0,0,0,0,0,,,
99-30-9,2.6-Dichloro-4-nitroaniline,Halogenated,0.549,207.01,310.2,1.078,1.247,0.492,7.443,583.6,1,6,4,2,2,0,0,2,0,0,,,
576-26-1,2.6-Dimethylphenol,,0.915,122.16,356.5,0.752,0.774,0.413,4.794,1009.9,1,8,10,1,0,0,0,0,0,0,,,
93-08-3,2-Acetonaphthone,,1.397,170.20,317.2,1.481,1.478,0,6.765,1424.2,2,12,10,1,0,0,0,0,0,0,,,
79-07-2,2-Chloroacetamide,Halogenated,0.125,93.51,372.3,0.617,1.211,0.408,3.292,237.5,0,2,4,1,1,0,0,1,0,0,,,
95-51-2,2-Chloroaniline,Halogenated,0.686,127.57,353.7,1.026,0.991,0.243,4.685,743.6,1,6,6,0,1,0,0,1,0,0,,,
95-57-8,2-Chlorophenol,Halogenated,0.62,128.55,363.5,0.879,0.66,0.535,4.124,666.1,1,6,5,1,0,0,0,1,0,0,,,
110-80-5,2-Ethoxyethanol,,0.391,90.12,393.5,0.237,0.554,0.324,2.793,547.5,0,4,10,2,0,0,0,0,0,0,,,
110-43-0,2-Heptanone,,0.774,114.18,384.9,0.123,0.657,0,3.789,993.8,0,7,14,1,0,0,0,0,0,0,,,
591-78-6,2-Hexanone,,0.647,100.16,391.3,0.136,0.668,0,3.273,846.5,0,6,12,1,0,0,0,0,0,0,,,
1504-74-1,2-Methoxycinnamaldehyde,,1.051,162.18,326.9,1.143,1.517,0,6.322,1168.9,1,10,10,2,0,0,0,0,0,0,,,
109-86-4,2-Methoxyethanol,,0.265,76.09,398.1,0.268,0.591,0.362,2.338,400.2,0,3,8,2,0,0,0,0,0,0,,,
117-82-8,2-Methoxyethyl)phthalate,,1.263,282.28,302.0,0.788,1.742,0,8.35,1565.3,0,14,18,6,0,0,0,0,0,0,,,
93-04-9,2-Methoxynaphthalene,,1.308,158.19,328.4,1.476,1.161,0,6.232,1320.7,2,11,10,1,0,0,0,0,0,0,,,
75-85-4,2-Methyl-2-butanol,,0.559,88.15,400.7,0.193,0.388,0.247,2.538,742.9,0,5,12,1,0,0,0,0,0,0,,,
95-53-4,2-Methylaniline,,0.855,107.15,361.9,0.771,1.022,0.208,4.321,940.2,1,7,9,0,1,0,0,0,0,0,,,
120-75-2,2-Methylbenzothiazole,Sulfur,0.97,149.21,342.3,1.075,0.953,0,5.78,1074.7,1,8,7,0,1,1,0,0,0,0,,,
137-32-6,2-Methylbutanol,,0.559,88.15,392.8,0.217,0.429,0.336,2.981,742.9,0,5,12,1,0,0,0,0,0,0,,,
91-57-6,2-Methylnaphthalene,,1.349,142.19,341.2,1.197,0.921,0,5.778,1368.8,2,11,10,0,0,0,0,0,0,0,,,
95-48-7,2-Methylphenol,,0.788,108.13,360.7,0.772,0.748,0.607,4.281,862.7,1,7,8,1,0,0,0,0,0,0,,,
78-83-1,2-Methylpropanol,,0.432,74.12,400.8,0.206,0.386,0.362,2.401,595.7,0,4,10,1,0,0,0,0,0,0,,,
135-19-3,2-Naphthol,,1.182,144.16,319.2,1.467,1.187,0.773,6.144,1173.4,2,10,8,1,0,0,0,0,0,0,,,
117-83-9,2-n-Butoxyethyl)phthalate,,2.021,366.43,272.4,1.084,1.505,0,10.546,2448.9,0,20,30,6,0,0,0,0,0,0,,,
88-74-4,2-Nitroaniline,,0.634,138.13,329.3,1.215,1.467,0.346,5.771,682.1,1,6,6,2,2,0,0,0,0,0,,,
88-75-5,2-Nitrophenol,,0.567,139.11,355.4,0.942,1.107,0.033,4.731,604.7,1,6,5,3,1,0,0,0,0,0,,,
79-46-9,2-Nitropropane,,0.253,89.09,394.5,0.216,0.898,0.01,2.707,385.8,0,3,7,2,1,0,0,0,0,0,,,
88-72-2,2-Nitrotoluene,,0.735,137.13,353.3,0.866,1.115,0,4.989,800.1,1,7,7,2,1,0,0,0,0,0,,,
821-55-6,2-Nonanone,,1.026,142.23,371.9,0.113,0.676,0,4.764,1288.3,0,9,18,1,0,0,0,0,0,0,,,
111-13-7,2-Octanone,,0.9,128.21,378.6,0.109,0.661,0,4.277,1141,0,8,16,1,0,0,0,0,0,0,,,
107-87-9,2-Pentanone,,0.521,86.13,398.2,0.143,0.681,0,2.731,699.2,0,5,10,1,0,0,0,0,0,0,,,
1123-85-9,2-Phenyl-1-propanol,,1.041,136.19,349.9,0.81,0.866,0.395,5.159,1157.2,1,9,12,1,0,0,0,0,0,0,,,
103-81-1,2-Phenylacetamide,,0.902,135.16,330.1,1.294,1.729,0.345,5.376,995.6,1,8,9,1,1,0,0,0,0,0,,,
60-12-8,2-Phenylethanol,,0.915,122.16,356.4,0.808,0.821,0.409,4.698,1009.9,1,8,10,1,0,0,0,0,0,0,,,
112-12-9,2-Undecanone,,1.279,170.29,359.5,0.105,0.679,0,5.721,1582.9,0,11,22,1,0,0,0,0,0,0,,,
91-94-1,3.3â€™-Dichlorobenzidine,Halogenated,1.404,253.12,255.4,1.737,1.921,0.752,10.025,1432.5,2,12,10,0,2,0,0,2,0,0,,,
95-76-1,3.4-Dichloroaniline,Halogenated,0.644,162.01,329.0,1.218,1.21,0.421,5.973,694.3,1,6,5,0,1,0,0,2,0,0,,,
108-68-9,3.5-Dimethylphenol,,0.915,122.16,352.9,0.786,0.799,0.662,4.759,1009.9,1,8,10,1,0,0,0,0,0,0,,,
108-44-1,3-Methylaniline,,0.855,107.15,360.4,0.779,1.058,0.195,4.404,940.2,1,7,9,0,1,0,0,0,0,0,,,
123-51-3,3-Methylbutanol,,0.559,88.15,393.1,0.198,0.423,0.35,2.968,742.9,0,5,12,1,0,0,0,0,0,0,,,
108-39-4,3-Methylphenol,,0.788,108.13,358.6,0.776,0.771,0.695,4.327,862.7,1,7,8,1,0,0,0,0,0,0,,,
99-09-2,3-Nitroaniline,,0.634,138.13,322.9,1.234,1.535,0.49,6.034,682.1,1,6,6,2,2,0,0,0,0,0,,,
99-08-1,3-Nitrotoluene,,0.735,137.13,349.9,0.874,1.121,0,5.241,800.1,1,7,7,2,1,0,0,0,0,0,,,
122-97-4,3-Phenylpropan-1-ol,,1.041,136.19,349.9,0.81,0.866,0.395,5.159,1157.2,1,9,12,1,0,0,0,0,0,0,,,
92-86-4,4.4-Dibromobiphenyl,Halogenated,1.504,311.98,287.7,2.126,1.173,0,8.674,1404.9,2,12,8,0,0,0,0,0,2,0,,,
101-77-9,4.4-Methylenedianiline,,1.614,198.26,275.6,2.013,1.696,0.662,8.522,1678.3,2,13,14,0,2,0,0,0,0,0,,,
92-91-1,4-Acetylbiphenyl,,1.612,196.24,304.5,1.505,1.526,0,7.661,1675.1,2,14,12,1,0,0,0,0,0,0,,,
103-88-8,4-Bromoacetanilide,Halogenated,0.935,214.05,309.7,1.065,1.537,0.806,6.89,961.8,1,8,8,1,1,0,0,0,1,0,,,
89-63-4,4-Chloro-2-nitroaniline,Halogenated,0.591,172.57,318.3,0.985,1.425,0.453,6.781,632.9,1,6,5,2,2,0,0,1,0,0,,,
106-47-8,4-Chloroaniline,Halogenated,0.686,127.57,347.6,0.979,1.11,0.341,4.977,743.6,1,6,6,0,1,0,0,1,0,0,,,
106-48-9,4-Chlorophenol,Halogenated,0.62,128.55,346.3,1.032,0.81,0.873,4.795,666.1,1,6,5,1,0,0,0,1,0,0,,,
767-00-0,4-Cyanophenol,,0.739,119.12,331.0,1.099,1.261,0.824,5.486,804.6,1,7,5,1,1,0,0,0,0,0,,,
60-11-7,4-Dimethylaminoazobenzene,,1.601,225.29,283.1,2.057,1.748,0,8.516,1811.2,1,14,15,0,3,0,0,0,0,0,,,
371-40-4,4-Fluoroaniline,Halogenated,0.69,111.11,365.1,0.723,0.958,0.331,4.063,747.5,1,6,6,0,1,0,1,0,0,0,,,
123-08-0,4-Hydroxybenzaldehyde,,0.71,122.12,332.3,1.156,1.263,0.913,5.243,770.8,1,7,6,2,0,0,0,0,0,0,,,
623-05-2,4-Hydroxybenzylalcohol,,0.747,124.13,331.5,1.24,1.285,0.989,5.119,814.5,1,7,8,2,0,0,0,0,0,0,,,
96-96-8,4-Methoxy-2-nitroaniline,,0.719,168.15,313.9,1.294,1.577,0.314,6.791,781.2,1,7,8,3,2,0,0,0,0,0,,,
105-13-5,4-Methoxybenzylalcohol,,0.873,138.16,343.4,0.888,0.968,0.544,5.326,961.8,1,8,10,2,0,0,0,0,0,0,,,
106-44-5,4-Methylphenol,,0.788,108.13,358.2,0.828,0.791,0.664,4.314,862.7,1,7,8,1,0,0,0,0,0,0,,,
100-01-6,4-Nitroaniline,,0.634,138.13,313.3,1.233,1.813,0.591,6.383,682.1,1,6,6,2,2,0,0,0,0,0,,,
619-73-8,4-Nitrobenzylalcohol,,0.693,153.13,323.8,1.008,1.356,0.51,6.347,751.9,1,7,7,3,1,0,0,0,0,0,,,
99-99-0,4-Nitrotoluene,,0.735,137.13,349.1,0.858,1.153,0,5.282,800.1,1,7,7,2,1,0,0,0,0,0,,,
92-69-3,4-Phenylphenol,,1.397,170.20,306.0,1.537,1.187,0.794,7.058,1424.2,2,12,10,1,0,0,0,0,0,0,,,
148-24-3,8-Hydroxyquinoline,,1.08,145.16,336.1,1.037,1.082,0.196,5.967,1055.4,2,9,7,1,1,0,0,0,0,0,,,
83-32-9,Acenaphthene,,1.438,154.20,325.3,1.44,0.941,0,6.727,1472.4,2,12,10,0,0,0,0,0,0,0,,,
208-96-8,Acenaphthylene,,1.4,152.18,325.4,1.566,1.15,0,6.382,1428.7,2,12,8,0,0,0,0,0,0,0,,,
60-35-5,Acetamide,,0.168,59.07,382.0,0.268,1.076,0.718,2.722,286.7,0,2,5,1,1,0,0,0,0,0,,,
102-01-2,Acetoacetanilide,,1.076,177.20,344.4,2.055,0.187,0.602,4.805,1198.2,1,10,11,2,1,0,0,0,0,0,,,
98-86-2,Acetophenone,,0.877,120.14,361.5,0.806,1.057,0,4.488,966.2,1,8,8,1,0,0,0,0,0,0,,,
127-51-5,alpha-Isomethylionone,,1.545,206.32,339.2,0.721,0.843,0,6.485,1893.6,0,14,22,1,0,0,0,0,0,0,,,
80-56-8,alpha-Pinene,,1.119,136.23,379.5,0.441,0.191,0,4.345,1396.4,0,10,16,0,0,0,0,0,0,0,,,
122-40-7,Amylcinnamal,,1.597,202.28,321.6,1.212,1.046,0,7.132,1806.2,1,14,18,1,0,0,0,0,0,0,,,
53-41-8,Androsterone,,2.097,290.43,258.9,1.327,1.699,0.394,10.745,2538,0,19,30,2,0,0,0,0,0,0,,,
62-53-3,Aniline,,0.729,93.13,364.0,0.955,1.021,0.239,3.944,792.9,1,6,7,0,1,0,0,0,0,0,,,
123-11-5,Anisaldehyde,,0.836,136.14,345.4,0.92,1.35,0,5.304,918.1,1,8,8,2,0,0,0,0,0,0,,,
100-66-3,Anisole,,0.788,108.13,375.5,0.712,0.761,0,3.81,862.7,1,7,8,1,0,0,0,0,0,0,,,
120-12-7,Anthracene,,1.615,178.22,300.1,1.995,1.309,0,7.723,1679.5,2,14,10,0,0,0,0,0,0,0,,,
84-65-1,Anthraquinone,,1.495,208.20,289.8,1.735,1.504,0,8.572,1539.5,2,14,8,2,0,0,0,0,0,0,,,
275-51-4,Azulene,,0.969,128.16,336.1,1.466,1.085,0,5.736,1221.6,0,10,8,0,0,0,0,0,0,0,,,
56-55-3,Benz[a]anthracene,PAH,2.135,228.28,254.0,2.735,1.678,0,10.124,2137.5,3,18,12,0,0,0,0,0,0,0,,,
100-52-7,Benzaldehyde,,0.751,106.12,368.1,0.813,1.027,0,4.003,819,1,7,6,1,0,0,0,0,0,0,,,
55-21-0,Benzamide,,0.776,121.14,332.8,1.268,1.383,0.637,5.244,848.3,1,7,7,1,1,0,0,0,0,0,,,
71-43-2,Benzene,,0.703,78.11,393.7,0.608,0.506,0,2.784,763.6,1,6,6,0,0,0,0,0,0,0,,,
98-10-2,Benzenesulfonamide,,0.71,157.18,317.2,1.14,1.871,0.658,6.055,771.2,1,6,7,2,1,1,0,0,0,0,,,
92-87-5,Benzidine,,1.488,184.24,286.3,1.116,1.567,0.228,9.166,1531,2,12,12,0,2,0,0,0,0,0,,,
50-32-8,Benzo[a]pyrene,PAH,2.312,252.30,229.3,3.033,1.846,0,11.54,2344.7,3,20,12,0,0,0,0,0,0,0,,,
192-97-2,Benzo[e]pyrene,PAH,2.312,252.30,230.6,3,1.89,0,11.436,2344.7,3,20,12,0,0,0,0,0,0,0,,,
493-09-4,Benzodioxane,,0.836,136.14,354.3,0.884,1.064,0,4.952,918.1,1,8,8,2,0,0,0,0,0,0,,,
100-47-0,Benzonitrile,,0.78,103.12,367.1,0.742,1.128,0,4.055,852.8,1,7,5,0,1,0,0,0,0,0,,,
119-61-9,Benzophenone,,1.358,182.21,319.3,1.21,1.295,0,7.059,1527.8,1,13,10,1,0,0,0,0,0,0,,,
95-16-9,Benzothiazole,,0.844,135.18,346.1,1.08,1.109,0,5.333,927.4,1,7,5,0,1,1,0,0,0,0,,,
100-51-6,Benzylalcohol,,0.788,108.13,361.7,0.804,0.872,0.409,4.248,862.7,1,7,8,1,0,0,0,0,0,0,,,
103-41-3,Benzylcinnamate,,1.785,238.27,291.1,1.206,1.509,0,8.997,1877.7,2,16,14,2,0,0,0,0,0,0,,,
118-58-1,Benzylsalicylate,,1.529,228.23,304.5,1.317,1.263,0.041,8.073,1578.7,2,14,12,3,0,0,0,0,0,0,,,
127-91-3,Beta-Pinene,,1.119,136.23,374.7,0.525,0.233,0,4.584,1396.4,0,10,16,0,0,0,0,0,0,0,,,
92-52-4,Biphenyl,,1.438,154.20,334.9,1.342,0.987,0,6.044,1472.4,2,12,10,0,0,0,0,0,0,0,,,
507-70-0,Borneol,,1.115,154.24,357.6,0.671,0.638,0.201,5.135,1391.9,0,10,18,1,0,0,0,0,0,0,,,
108-86-1,Bromobenzene,Halogenated,0.736,157.00,370.7,0.882,0.729,0,4.038,729.8,1,6,5,0,0,0,0,0,1,0,,,
71-36-3,Butan-1-ol,,0.432,74.12,397.9,0.219,0.446,0.336,2.577,595.7,0,4,10,1,0,0,0,0,0,0,,,
85-69-8,Butyl2-ethylhexylphthalate,,2.103,334.44,272.2,0.722,1.144,0,11.287,2545.2,0,20,30,4,0,0,0,0,0,0,,,
123-86-4,Butylacetate,,0.606,116.15,391.5,0.079,0.565,0,3.417,798.3,0,6,12,2,0,0,0,0,0,0,,,
136-60-7,Butylbenzoate,,1.214,178.22,346.4,0.668,0.877,0,5.954,1359.9,1,11,14,2,0,0,0,0,0,0,,,
85-68-7,Butylbenzylphthalate,,1.954,312.35,276.6,1.296,1.72,0,9.803,2223.2,1,19,20,4,0,0,0,0,0,0,,,
84-64-0,Butylcyclohexylphthalate,,1.813,304.37,285.9,1.083,1.423,0,9.6,2207,0,18,24,4,0,0,0,0,0,0,,,
89-19-0,Butyldecylphthalate,,2.356,362.49,307.1,0.742,1.354,0,8.397,2839.8,0,22,34,4,0,0,0,0,0,0,,,
84-78-6,Butyloctylphthalate,,2.103,334.44,304.9,0.751,1.593,0,8.32,2545.2,0,20,30,4,0,0,0,0,0,0,,,
142-77-8,Butyloleate,,2.588,338.55,293.8,0.024,0.628,0,10.855,3110.9,0,22,42,2,0,0,0,0,0,0,,,
123-95-5,Butylstearate,,2.626,340.57,292.9,0.051,0.52,0,11.001,3154.6,0,22,44,2,0,0,0,0,0,0,,,
86-74-8,Carbazole,,1.172,167.20,291.4,2.271,1.633,0.393,7.39,1458,0,12,9,0,1,0,0,0,0,0,,,
99-49-0,Carvone,,1.04,150.21,353.3,0.638,0.928,0,5.406,1304.5,0,10,14,1,0,0,0,0,0,0,,,
108-90-7,Chlorobenzene,Halogenated,0.661,112.55,379.3,0.718,0.656,0,3.622,714.3,1,6,5,0,0,0,0,1,0,0,,,
481-21-0,Cholestane,,3.227,372.65,253.5,1.186,0.391,0,13.004,3856.3,0,27,48,0,0,0,0,0,0,0,,,
57-88-5,Cholesterol,,3.148,386.64,234.2,1.353,1.097,0.212,13.389,3764.4,0,27,46,1,0,0,0,0,0,0,,,
604-35-3,Cholesterylacetate,,3.322,428.67,228.4,1.234,0.977,0,14.276,3967,0,29,48,2,0,0,0,0,0,0,,,
218-01-9,Chrysene,PAH,2.262,228.28,255.9,2.593,1.66,0,10.142,2137.5,4,18,12,0,0,0,0,0,0,0,,,
104-54-1,Cinnamylalcohol,,1.003,134.17,339.8,1.1,0.97,0.469,5.465,1113.5,1,9,10,1,0,0,0,0,0,0,,,
106-23-0,Citronellal,,1.115,154.24,365.6,0.287,0.674,0,5.076,1391.9,0,10,18,1,0,0,0,0,0,0,,,
91-64-5,Coumarin,,0.887,146.14,326.2,1.426,1.649,0,5.966,977.9,1,9,6,2,0,0,0,0,0,0,,,
108-93-0,Cyclohexanol,,0.647,100.16,378.2,0.474,0.638,0.246,3.722,846.5,0,6,12,1,0,0,0,0,0,0,,,
108-94-1,Cyclohexanone,,0.61,98.14,378.4,0.403,0.887,0,3.771,802.8,0,6,10,1,0,0,0,0,0,0,,,
100-64-1,Cyclohexanoneoxime,,0.635,113.16,362.2,0.73,0.677,0.45,4.442,832.1,0,6,11,1,1,0,0,0,0,0,,,
112-30-1,Decan-1-ol,,1.19,158.28,357.8,0.26,0.444,0.318,5.611,1479.3,0,10,22,1,0,0,0,0,0,0,,,
117-81-7,Di-2-Ethylhexylphthalate,,2.608,390.54,272.8,0.693,1.157,0,11.255,3134.3,0,24,38,4,0,0,0,0,0,0,,,
132-64-9,Dibenzofuran,,1.359,168.18,321.9,1.633,1.112,0,6.619,1380.5,2,12,8,1,0,0,0,0,0,0,,,
103-49-1,Dibenzylamine,,1.715,197.27,313.3,1.418,1.005,0.068,7.529,1796.3,2,14,15,0,1,0,0,0,0,0,,,
103-50-4,Dibenzylether,,1.649,198.25,320.4,1.21,1.1,0,7.17,1718.8,2,14,14,1,0,0,0,0,0,0,,,
3582-71-6,Dichloro-hexamethyltrisiloxane,Silane/Siloxane,0.671,277.37,384.2,-0.234,0.313,0,4.539,874.6,0,6,18,2,0,0,0,2,0,3,,,
2401-73-2,Dichloro-tetramethyldisiloxane,Silane/Siloxane,0.423,203.22,391.1,-0.066,-0.012,0,4.168,584.5,0,4,12,1,0,0,0,2,0,2,,,
849-99-0,Dicyclohexyladipate,,1.926,310.42,287.6,0.649,1.275,0,10.052,2338.1,0,18,30,4,0,0,0,0,0,0,,,
101-83-7,Dicyclohexylamine,,1.434,181.31,344.3,0.576,0.419,0,6.665,1763.9,0,12,23,0,1,0,0,0,0,0,,,
84-61-7,Dicyclohexylphthalate,,2.028,330.40,265.0,1.464,1.516,0,10.722,2457.8,0,20,26,4,0,0,0,0,0,0,,,
141-28-6,Diethyladipate,,0.991,202.24,352.4,0.085,1.063,0,5.891,1247.3,0,10,18,4,0,0,0,0,0,0,,,
77-25-8,Diethyldiethylmalonate,,1.117,216.27,361.0,0.01,0.729,0,5.645,1394.6,0,11,20,4,0,0,0,0,0,0,,,
84-66-2,Diethylphthalate,,1.094,222.23,329.4,0.725,1.393,0,6.68,1367.1,0,12,14,4,0,0,0,0,0,0,,,
110-40-7,Diethylsebacate,,1.496,258.34,327.1,0.043,1.058,0,7.871,1836.4,0,14,26,4,0,0,0,0,0,0,,,
80-97-7,Dihydrocholesterol,,3.186,388.65,233.4,1.333,1.046,0.207,13.525,3808.1,0,27,48,1,0,0,0,0,0,0,,,
84-69-5,Diisobutylphthalate,,1.598,278.33,313.4,0.672,1.246,0,8.094,1956.2,0,16,22,4,0,0,0,0,0,0,,,
131-11-3,Dimethylphthalate,,0.841,194.18,336.4,0.795,1.502,0,5.965,1072.5,0,10,10,4,0,0,0,0,0,0,,,
84-74-2,Di-n-Butylphthalate,,1.598,278.33,306.7,0.694,1.321,0,8.508,1956.2,0,16,22,4,0,0,0,0,0,0,,,
141-03-7,Di-n-Butylsuccinate,,1.243,230.29,341.2,0.091,0.94,0,6.867,1541.9,0,12,22,4,0,0,0,0,0,0,,,
117-84-0,Di-n-Octylphthalate,,2.608,390.54,262.3,0.662,1.291,0,11.957,3134.3,0,24,38,4,0,0,0,0,0,0,,,
123-91-1,Dioxane,,0.354,88.10,393.6,0.329,0.739,0,2.833,503.8,0,4,8,2,0,0,0,0,0,0,,,
122-39-4,Diphenylamine,,1.463,169.22,317.1,1.432,1.223,0.186,6.892,1501.7,2,12,11,0,1,0,0,0,0,0,,,
101-84-8,Diphenylether,,1.397,170.20,337.1,1.168,0.936,0,6.107,1424.2,2,12,10,1,0,0,0,0,0,0,,,
112-53-8,Dodecan-1-ol,,1.442,186.33,344.8,0.19,0.433,0.346,6.655,1773.8,0,12,26,1,0,0,0,0,0,0,,,
7452-79-1,Ethyl2-methylbutyrate,,0.732,130.18,386.5,0.319,0.427,0,3.699,945.6,0,7,14,2,0,0,0,0,0,0,,,
100-41-4,Ethylbenzene,,0.956,106.16,380.2,0.613,0.509,0,3.8,1058.1,1,8,10,0,0,0,0,0,0,0,,,
93-89-0,Ethylbenzoate,,0.962,150.17,358.0,0.694,0.897,0,5.022,1065.3,1,9,10,2,0,0,0,0,0,0,,,
111-62-6,Ethyloleate,,2.336,310.50,304.3,0.144,0.582,0,9.978,2816.4,0,20,38,2,0,0,0,0,0,0,,,
105-37-3,Ethylpropionate,,0.48,102.13,398.7,0.092,0.533,0,2.889,651.1,0,5,10,2,0,0,0,0,0,0,,,
97-53-0,Eugenol,,1.088,164.19,339.1,1.076,0.82,0.398,5.765,1212.6,1,10,12,2,0,0,0,0,0,0,,,
206-44-0,Fluoranthene,PAH,1.92,202.24,279.0,2.402,1.51,0,8.719,1886.7,3,16,10,0,0,0,0,0,0,0,,,
86-73-7,Fluorene,,1.527,166.21,317.3,1.659,1.103,0,6.952,1576,2,13,10,0,0,0,0,0,0,0,,,
141-27-5,Geranial,,1.077,152.23,352.8,0.612,0.938,0,5.463,1348.2,0,10,16,1,0,0,0,0,0,0,,,
106-24-1,Geraniol,,1.115,154.24,355.2,0.493,0.635,0.282,5.416,1391.9,0,10,18,1,0,0,0,0,0,0,,,
111-70-6,Heptan-1-ol,,0.811,116.20,377.6,0.202,0.45,0.335,4.132,1037.5,0,7,16,1,0,0,0,0,0,0,,,
111-71-7,Heptanal,,0.774,114.18,384.0,0.14,0.643,0,3.855,993.8,0,7,14,1,0,0,0,0,0,0,,,
118-74-1,Hexachlorobenzene,Halogenated,0.45,284.76,312.5,1.53,0.819,0,7.73,467.9,1,6,0,0,0,0,0,6,0,0,,,
107-46-0,Hexamethyldisiloxane,Silane/Siloxane,0.76,162.38,409.9,-0.27,-0.187,0,3.115,977.6,0,6,18,1,0,0,0,0,0,2,,,
111-27-3,Hexan-1-ol,,0.685,102.17,384.0,0.21,0.432,0.35,3.646,890.2,0,6,14,1,0,0,0,0,0,0,,,
66-25-1,Hexanal,,0.647,100.16,390.6,0.146,0.639,0,3.35,846.5,0,6,12,1,0,0,0,0,0,0,,,
107-75-5,Hydroxycitronellal,,1.111,172.26,349.3,0.54,0.562,0.68,5.496,1387.4,0,10,20,2,0,0,0,0,0,0,,,
80-54-6,Lilial,,1.634,204.30,334.2,0.775,0.994,0,6.659,1849.9,1,14,20,1,0,0,0,0,0,0,,,
138-86-3,Limonene,,1.119,136.23,372.3,0.497,0.338,0,4.689,1396.4,0,10,16,0,0,0,0,0,0,0,,,
78-70-6,Linalool,,1.115,154.24,368.3,0.325,0.524,0.199,4.783,1391.9,0,10,18,1,0,0,0,0,0,0,,,
127-25-3,Methylabietate,,2.312,316.46,280.5,1.164,1.091,0,10.268,2788.9,0,21,32,2,0,0,0,0,0,0,,,
93-58-3,Methylbenzoate,,0.836,136.14,361.7,0.738,0.916,0,4.681,918.1,1,8,8,2,0,0,0,0,0,0,,,
108-87-2,MethylCyclohexane,,0.815,98.18,396.5,0.244,0.118,0,3.318,1042,0,7,14,0,0,0,0,0,0,0,,,
110-42-9,Methyldecanoate,,1.237,186.28,359.7,0.057,0.558,0,5.872,1534.7,0,11,22,2,0,0,0,0,0,0,,,
93-15-2,Methyleugenol,,1.214,178.22,341.1,0.939,0.991,0,5.977,1359.9,1,11,14,2,0,0,0,0,0,0,,,
106-70-7,Methylhexanoate,,0.732,130.18,384.2,0.084,0.566,0,3.967,945.6,0,7,14,2,0,0,0,0,0,0,,,
1731-84-6,Methylnonanoate,,1.111,172.26,365.7,0.054,0.557,0,5.421,1387.4,0,10,20,2,0,0,0,0,0,0,,,
111-11-5,Methyloctanoate,,0.985,158.23,371.6,0.069,0.557,0,4.955,1240.1,0,9,18,2,0,0,0,0,0,0,,,
2031-67-6,Methyltriethoxysilane,Silane/Siloxane,0.766,178.30,393.8,-0.23,0.249,0,3.869,984.8,0,7,18,3,0,0,0,0,0,1,,,
2216-15-1,N.N-Diethyl-4-nitroaniline,,1.138,194.23,300.4,1.316,1.722,0,7.965,1271.2,1,10,14,2,2,0,0,0,0,0,,,
85-98-3,N.N-Diethylcarbanilide,,1.913,268.35,301.1,1.735,1.265,0,7.948,2175.5,1,17,20,1,2,0,0,0,0,0,,,
14433-76-2,N.N-Diethyldodecamide,,1.43,199.33,313.0,0.394,0.934,0,8.719,1759.4,0,12,25,1,1,0,0,0,0,0,,,
100-23-2,N.N-Dimethyl-4-nitroaniline,,0.886,166.18,311.6,1.029,1.917,0,7.208,976.7,1,8,10,2,2,0,0,0,0,0,,,
121-69-7,N.N-Dimethylaniline,,0.981,121.18,359.5,0.865,0.798,0,4.842,1087.4,1,8,11,0,1,0,0,0,0,0,,,
74-31-7,N.N-Diphenyl-4-phenylenediamine,PAH,2.223,260.33,242.6,2.67,1.847,0.524,10.369,2239.8,3,18,16,0,2,0,0,0,0,0,,,
91-20-3,Naphthalene,,1.223,128.16,348.9,1.241,0.921,0,5.144,1221.6,2,10,8,0,0,0,0,0,0,0,,,
104-51-8,n-Butylbenzene,,1.208,134.21,368.3,0.595,0.484,0,4.75,1352.7,1,10,14,0,0,0,0,0,0,0,,,
124-18-5,n-Decane,Alkane,1.231,142.28,383.1,0,0,0,4.7,1527.5,0,10,22,0,0,0,0,0,0,0,,,
112-40-3,n-Dodecane,Alkane,1.483,170.33,370.2,0,0,0,5.685,1822,0,12,26,0,0,0,0,0,0,0,,,
106-26-3,Neral,,1.077,152.23,354.5,0.589,0.901,0,5.391,1348.2,0,10,16,1,0,0,0,0,0,0,,,
142-82-5,n-Heptane,Alkane,0.852,100.20,403.2,0,0,0,3.173,1085.7,0,7,16,0,0,0,0,0,0,0,,,
544-76-3,n-Hexadecane,Alkane,1.988,226.43,343.6,0,0,0,7.714,2411.1,0,16,34,0,0,0,0,0,0,0,,,
110-54-3,n-Hexane,Alkane,0.726,86.17,409.8,0,0,0,2.668,938.4,0,6,14,0,0,0,0,0,0,0,,,
98-92-0,Nicotinamide,,0.675,122.13,329.3,1.227,1.804,0.43,5.342,730.3,1,6,6,1,2,0,0,0,0,0,,,
23950-04-1,Nicotine,,1.221,162.23,343.0,0.882,0.959,0,5.92,1367.6,1,10,14,0,2,0,0,0,0,0,,,
98-95-3,Nitrobenzene,,0.608,123.11,359.3,0.846,1.143,0,4.53,652.8,1,6,5,2,1,0,0,0,0,0,,,
79-16-3,N-Methylacetamide,,0.294,73.10,381.2,0.263,1.293,0.157,3.133,434,0,3,7,1,1,0,0,0,0,0,,,
100-61-8,N-Methylaniline,,0.855,107.15,359.5,0.95,0.9,0.17,4.478,940.2,1,7,9,0,1,0,0,0,0,0,,,
111-84-2,n-Nonane,Alkane,1.105,128.25,389.7,0,0,0,4.201,1380.2,0,9,20,0,0,0,0,0,0,0,,,
593-45-3,n-Octadecane,Alkane,2.241,254.48,330.4,0,0,0,8.722,2705.6,0,18,38,0,0,0,0,0,0,0,,,
111-65-9,n-Octane,Alkane,0.979,114.22,396.4,0,0,0,3.689,1232.9,0,8,18,0,0,0,0,0,0,0,,,
143-08-8,Nonan-1-ol,,1.064,144.25,364.6,0.199,0.406,0.356,5.15,1332,0,9,20,1,0,0,0,0,0,0,,,
124-19-6,Nonanal,,1.026,142.23,371.4,0.121,0.635,0,4.84,1288.3,0,9,18,1,0,0,0,0,0,0,,,
629-59-4,n-Tetradecane,Alkane,1.736,198.38,357.5,0,0,0,6.655,2116.5,0,14,30,0,0,0,0,0,0,0,,,
629-50-5,n-Tridecane,Alkane,1.61,184.35,364.0,0,0,0,6.157,1969.3,0,13,28,0,0,0,0,0,0,0,,,
556-67-2,Octamethylcyclotetrasiloxane,Silane/Siloxane,0.926,296.63,393.4,-0.471,-0.084,0,4.473,1171.3,0,8,24,4,0,0,0,0,0,4,,,
107-51-7,Octamethyltrisiloxane,Silane/Siloxane,1.008,236.54,400.7,-0.498,-0.074,0,3.936,1267.7,0,8,24,2,0,0,0,0,0,3,,,
111-87-5,Octan-1-ol,,0.937,130.22,371.0,0.199,0.464,0.327,4.635,1184.7,0,8,18,1,0,0,0,0,0,0,,,
123-96-6,Octan-2-ol,,0.937,130.22,376.6,0.176,0.413,0.275,4.335,1184.7,0,8,18,1,0,0,0,0,0,0,,,
124-13-0,Octanal,,0.9,128.21,377.4,0.148,0.629,0,4.364,1141,0,8,16,1,0,0,0,0,0,0,,,
1674-37-9,Octanophenone,,1.507,204.30,324.6,0.779,0.995,0,7.384,1849.9,0,14,20,1,0,0,0,0,0,0,,,
2943-75-1,Octyltriethoxysilane,Silane/Siloxane,1.649,276.48,356.5,-0.255,-0.002,0,6.986,2015.7,0,14,32,3,0,0,0,0,0,1,,,
87-86-5,Pentachlorophenol,Halogenated,0.451,266.32,303.1,1.732,0.989,0.554,7.525,469,1,6,1,1,0,0,0,5,0,0,,,
71-41-0,Pentan-1-ol,,0.559,88.15,390.7,0.219,0.44,0.35,3.116,742.9,0,5,12,1,0,0,0,0,0,0,,,
6032-29-7,Pentan-2-ol,,0.559,88.15,396.2,0.198,0.387,0.302,2.818,742.9,0,5,12,1,0,0,0,0,0,0,,,
584-02-1,Pentan-3-ol,,0.559,88.15,395.9,0.218,0.4,0.275,2.833,742.9,0,5,12,1,0,0,0,0,0,0,,,
198-55-0,Perylene,PAH,2.566,252.30,229.6,2.896,1.853,0,11.652,2344.7,5,20,12,0,0,0,0,0,0,0,,,
85-01-8,Phenanthrene,PAH,1.742,178.22,300.7,1.961,1.309,0,7.709,1679.5,3,14,10,0,0,0,0,0,0,0,,,
108-95-2,Phenol,,0.662,94.11,364.9,0.776,0.772,0.713,3.83,715.4,1,6,6,1,0,0,0,0,0,0,,,
122-79-2,Phenylacetate,,0.836,136.14,363.4,0.661,1.13,0,4.414,918.1,1,8,8,2,0,0,0,0,0,0,,,
827-52-1,Phenylcyclohexane,,1.423,160.25,345.9,0.879,0.59,0,6.072,1603.5,1,12,16,0,0,0,0,0,0,0,,,
694-53-1,Phenylsilane,Silane/Siloxane,0.741,108.21,384.8,0.69,0.407,0,3.48,807.3,1,6,8,0,0,0,0,0,0,1,,,
2996-92-1,Phenyltrimethoxysilane,Silane/Siloxane,0.869,198.29,359.4,0.487,0.804,0,5.221,1104.6,0,9,14,3,0,0,0,0,0,1,,,
85-41-6,Phthalimide,,0.786,147.13,324.6,1.394,1.561,0.334,5.874,860,1,8,5,2,1,0,0,0,0,0,,,
91-15-6,Phthalonitrile,,0.856,128.13,340.4,0.772,1.953,0,5.234,941.9,1,8,4,0,2,0,0,0,0,0,,,
57-83-0,Progesterone,,2.275,314.45,241.9,1.585,2.213,0,11.665,2745.2,0,21,30,2,0,0,0,0,0,0,,,
109-60-4,Propylacetate,,0.48,102.13,398.3,0.092,0.568,0,2.887,651.1,0,5,10,2,0,0,0,0,0,0,,,
92-94-4,p-Terphenyl,PAH,2.172,230.29,279.3,1.816,1.285,0,9.513,2181.2,3,18,14,0,0,0,0,0,0,0,,,
129-00-0,Pyrene,PAH,2.047,202.24,277.6,2.27,1.505,0,8.966,1886.7,4,16,10,0,0,0,0,0,0,0,,,
110-86-1,Pyridine,,0.475,79.10,386.0,0.63,0.838,0,3.011,645.6,0,5,5,0,1,0,0,0,0,0,,,
130-95-0,Quinine,,2.34,324.41,235.7,1.832,1.272,0.808,12.025,2525.4,2,20,24,2,2,0,0,0,0,0,,,
91-22-5,Quinoline,,1.122,129.16,342.2,1.415,1.103,0,5.302,1103.6,2,9,7,0,1,0,0,0,0,0,,,
100-42-5,Styrene,,0.918,104.14,374.3,0.845,0.671,0,3.856,1014.4,1,8,8,0,0,0,0,0,0,0,,,
562-74-3,Terpinen-4-ol,,1.115,154.24,360.0,0.494,0.523,0.181,5.262,1391.9,0,10,18,1,0,0,0,0,0,0,,,
109-99-9,Tetrahydrofuran,,0.395,72.10,400.7,0.295,0.529,0,2.541,552,0,4,8,1,0,0,0,0,0,0,,,
62-55-5,Thioacetamide,,0.273,75.13,362.0,0.64,1.816,0.003,3.853,409.6,0,2,5,0,1,1,0,0,0,0,,,
108-88-3,Toluene,,0.83,92.13,386.5,0.606,0.508,0,3.332,910.9,1,7,8,0,0,0,0,0,0,0,,,
103-30-0,trans-Stilbene,,1.653,180.24,311.4,1.658,1.219,0,7.289,1723.2,2,14,12,0,0,0,0,0,0,0,,,
620-40-6,Tribenzylamine,PAH,2.576,287.39,279.1,1.531,1.196,0,9.897,2652.3,3,21,21,0,1,0,0,0,0,0,,,
60-01-5,Tri-n-Butyrin,,1.502,302.35,321.2,0.22,1.235,0,7.962,1843.6,0,15,26,6,0,0,0,0,0,0,,,
