CAS , ringCount
100-00-5 ,1
100-01-6 ,1
100-02-7 ,1
100-06-1 ,1
100-09-4 ,1
100-11-8 ,1
100-14-1 ,1
100-17-4 ,1
100-18-5 ,1
100-19-6 ,1
100-21-0 ,1
100-23-2 ,1
1002-36-4 ,0
100-25-4 ,1
1002-69-3 ,0
1002-84-2 ,0
1003-03-8 ,0
10031-82-0 ,1
10031-87-5 ,0
10032-13-0 ,0
10032-15-2 ,0
1003-29-8 ,1
1003-38-9 ,0
1003-64-1 ,0
1003-67-4 ,1
100-37-8 ,0
10038-98-9 ,0
100-39-0 ,1
100-40-3 ,0
100-41-4 ,1
100-42-5 ,1
100-43-6 ,1
100-44-7 ,1
1004-66-6 ,1
100-46-9 ,1
100-47-0 ,1
100-48-1 ,1
100-49-2 ,0
100-50-5 ,0
100-51-6 ,1
100-52-7 ,1
1005-31-8 ,1
100-53-8 ,1
100-54-9 ,1
100-56-1 ,1
10059-13-9 ,0
10061-02-6 ,0
100-61-8 ,1
100-63-0 ,1
1006-31-1 ,1
100-64-1 ,0
1006-59-3 ,1
100-66-3 ,1
100-68-5 ,1
100-69-6 ,1
100-70-9 ,1
100-71-0 ,1
1007-32-5 ,1
100-74-3 ,0
100-75-4 ,0
100-76-5 ,0
100-80-1 ,1
100-83-4 ,1
100-84-5 ,1
1008-88-4 ,2
1008-89-5 ,2
1009-11-6 ,1
1009-14-9 ,1
101-41-7 ,1
101-42-8 ,1
1014-69-3 ,1
1014-70-6 ,1
101-48-4 ,1
10152-76-8 ,0
101-53-1 ,2
101-55-3 ,2
1015-89-0 ,3
10161-33-8 ,0
101-77-9 ,2
101-81-5 ,2
101-82-6 ,2
101-83-7 ,0
101-84-8 ,2
101-97-3 ,1
101-99-5 ,1
102-04-5 ,2
102-07-8 ,2
10208-80-7 ,0
102-08-9 ,2
102-09-0 ,2
102-25-0 ,1
102-27-2 ,1
10229-10-4 ,0
1024-57-3 ,0
102-54-5 ,0
10262-69-8 ,2
10264-55-8 ,0
102-69-2 ,0
102-71-6 ,0
102-76-1 ,0
102-81-8 ,0
102-82-9 ,0
102-86-3 ,0
102-96-5 ,1
103-09-3 ,0
1031-07-8 ,0
103-11-7 ,0
103-16-2 ,2
103-25-3 ,1
103-26-4 ,1
103-29-7 ,2
103-30-0 ,2
103-33-3 ,2
103-36-6 ,1
103-41-3 ,2
103-44-6 ,0
103-45-7 ,1
103-50-4 ,2
10352-87-1 ,0
103-54-8 ,1
10359-61-2 ,0
10359-64-5 ,0
103628-46-2 ,2
103-63-9 ,1
103-65-1 ,1
103-67-3 ,1
103-69-5 ,1
103-70-8 ,1
103-71-9 ,1
103-72-0 ,1
103-73-1 ,1
103-74-2 ,1
103-79-7 ,1
103-81-1 ,1
103-82-2 ,1
103-83-3 ,1
103-84-4 ,1
103-85-5 ,1
103-89-9 ,1
103-90-2 ,1
104-01-8 ,1
104-13-2 ,1
104-15-4 ,1
104-40-5 ,1
104-42-7 ,1
104-45-0 ,1
104-46-1 ,1
104-50-7 ,0
104-51-8 ,1
104-54-1 ,1
104-55-2 ,1
1045-69-8 ,0
10457-90-6 ,2
104-61-0 ,0
104-67-6 ,0
104-72-3 ,1
104-76-7 ,0
104-82-5 ,1
104-83-6 ,1
104-85-8 ,1
10486-19-8 ,0
104-87-0 ,1
104-88-1 ,1
104-90-5 ,1
104-91-6 ,1
104-92-7 ,1
104-93-8 ,1
104-94-9 ,1
105-05-5 ,1
105-06-6 ,1
105-13-5 ,1
105-21-5 ,0
105-30-6 ,0
105-34-0 ,0
105-37-3 ,0
105-38-4 ,0
105-40-8 ,0
105-42-0 ,0
105-43-1 ,0
10544-63-5 ,0
105-45-3 ,0
105-46-4 ,0
105-53-3 ,0
105-54-4 ,0
105-56-6 ,0
105-57-7 ,0
105-58-8 ,0
105-59-9 ,0
105-60-2 ,0
105-66-8 ,0
105-67-9 ,1
105-68-0 ,0
10568-38-4 ,1
105-72-6 ,0
10574-37-5 ,0
105-79-3 ,0
105-87-3 ,0
10588-10-0 ,0
10595-95-6 ,0
105-99-7 ,0
106-02-5 ,0
10604-60-1 ,1
106-19-4 ,0
106-22-9 ,0
106-23-0 ,0
106-24-1 ,0
106-25-2 ,0
106-26-3 ,0
106-27-4 ,0
106-30-9 ,0
106-32-1 ,0
106-33-2 ,0
106-35-4 ,0
106-36-5 ,0
106-37-6 ,1
106-38-7 ,1
106-39-8 ,1
106-40-1 ,1
106-41-2 ,1
106-42-3 ,1
106-43-4 ,1
106-44-5 ,1
106-45-6 ,1
106-46-7 ,1
106-47-8 ,1
106-48-9 ,1
106-49-0 ,1
106-50-3 ,1
106-51-4 ,0
106-55-8 ,0
106-58-1 ,0
106-63-8 ,0
106-65-0 ,0
106-67-2 ,0
106-68-3 ,0
106-70-7 ,0
1067-08-9 ,0
1067-20-5 ,0
106-73-0 ,0
106-79-6 ,0
1068-19-5 ,0
1068-87-7 ,0
106-89-8 ,0
106-91-2 ,0
106-92-3 ,0
106-93-4 ,0
106-94-5 ,0
1069-53-0 ,0
106-95-6 ,0
1070-34-4 ,0
107-03-9 ,0
107-04-0 ,0
107-06-2 ,0
107-07-3 ,0
107-08-4 ,0
1070-87-7 ,0
1071-26-7 ,0
1071-39-2 ,0
1072-05-5 ,0
107-21-1 ,0
1072-16-8 ,0
1072-33-9 ,0
1072-43-1 ,0
107-26-6 ,0
107-27-7 ,0
1072-83-9 ,1
1072-85-1 ,1
1073-06-9 ,1
107-39-1 ,0
107-40-4 ,0
107-41-5 ,0
1074-17-5 ,1
1074-36-8 ,1
1074-43-7 ,1
1074-55-1 ,1
107-45-9 ,0
107-47-1 ,0
1074-92-6 ,1
107534-96-3 ,2
1075-38-3 ,1
1076-56-8 ,1
1077-16-3 ,1
107-75-5 ,0
107-81-3 ,0
107-83-5 ,0
107-84-6 ,0
107-85-7 ,0
107-86-8 ,0
1078-71-3 ,1
107-87-9 ,0
107-88-0 ,0
107-92-6 ,0
107-93-7 ,0
107-94-8 ,0
107-98-2 ,0
108-01-0 ,0
108-03-2 ,0
108-08-7 ,0
108-10-1 ,0
108-11-2 ,0
1081-77-2 ,1
108-18-9 ,0
108-20-3 ,0
108-21-4 ,0
108-22-5 ,0
108-24-7 ,0
108-29-2 ,0
108-31-6 ,0
108-32-7 ,0
1083-56-3 ,2
108-36-1 ,1
108-37-2 ,1
108-38-3 ,1
108-39-4 ,1
108-41-8 ,1
108-42-9 ,1
108-43-0 ,1
108-44-1 ,1
108-45-2 ,1
108-46-3 ,1
108-47-4 ,1
108-48-5 ,1
108-50-9 ,1
1085-12-7 ,1
108-59-8 ,0
108-60-1 ,0
108-64-5 ,0
108-65-6 ,0
108-67-8 ,1
108-68-9 ,1
108-69-0 ,1
108-70-3 ,1
108-73-6 ,1
108-75-8 ,1
1088-11-5 ,2
108-82-7 ,0
108-83-8 ,0
108-84-9 ,0
108-85-0 ,0
108-86-1 ,1
108-87-2 ,0
108-88-3 ,1
108-89-4 ,1
108-90-7 ,1
108-91-8 ,0
108-93-0 ,0
108-94-1 ,0
108-95-2 ,1
108-98-5 ,1
108-99-6 ,1
109-01-3 ,0
109-02-4 ,0
109-04-6 ,1
109-05-7 ,0
109-06-8 ,1
109-07-9 ,0
109-08-0 ,1
109-09-1 ,1
109-19-3 ,0
109-21-7 ,0
109-49-9 ,0
109-52-4 ,0
109-53-5 ,0
109-55-7 ,0
109-57-9 ,0
109-59-1 ,0
109-60-4 ,0
109-64-8 ,0
109-65-9 ,0
109-69-3 ,0
109-70-6 ,0
109-73-9 ,0
109-74-0 ,0
109-75-1 ,0
109-76-2 ,0
109-77-3 ,0
109-79-5 ,0
109-80-8 ,0
109-83-1 ,0
109-85-3 ,0
109-86-4 ,0
109-89-7 ,0
109-96-6 ,0
109-97-7 ,1
109-99-9 ,0
110-01-0 ,0
110-02-1 ,1
110-05-4 ,0
110-06-5 ,0
110104-37-5 ,2
110-12-3 ,0
110-13-4 ,0
110-14-5 ,0
110-15-6 ,0
110-16-7 ,0
110-17-8 ,0
110-19-0 ,0
110-27-0 ,0
110-38-3 ,0
110-40-7 ,0
110-42-9 ,0
110-43-0 ,0
110-44-1 ,0
110-45-2 ,0
110-46-3 ,0
110-49-6 ,0
110-52-1 ,0
110-53-2 ,0
110-54-3 ,0
110-56-5 ,0
110-57-6 ,0
110-58-7 ,0
110-59-8 ,0
110-60-1 ,0
110-61-2 ,0
110-62-3 ,0
110-63-4 ,0
110-64-5 ,0
110-66-7 ,0
110-68-9 ,0
110-69-0 ,0
110-71-4 ,0
110-73-6 ,0
110-74-7 ,0
110-75-8 ,0
110-76-9 ,0
110-78-1 ,0
110-80-5 ,0
110-81-6 ,0
110-82-7 ,0
110-83-8 ,0
110-85-0 ,0
110-86-1 ,1
110-87-2 ,0
110-89-4 ,0
110-91-8 ,0
110-93-0 ,0
110-94-1 ,0
110-96-3 ,0
110-97-4 ,0
110-99-6 ,0
111-06-8 ,0
111-11-5 ,0
111-12-6 ,0
111-13-7 ,0
111-14-8 ,0
111-15-9 ,0
111-16-0 ,0
111-20-6 ,0
111-24-0 ,0
111-25-1 ,0
111-26-2 ,0
111-27-3 ,0
111-29-5 ,0
1113-02-6 ,0
111-30-8 ,0
111-31-9 ,0
111-34-2 ,0
111-35-3 ,0
111-36-4 ,0
111-42-2 ,0
111-43-3 ,0
111-44-4 ,0
111-45-5 ,0
111-46-6 ,0
111-47-7 ,0
111-48-8 ,0
111-55-7 ,0
111-61-5 ,0
111-65-9 ,0
111-66-0 ,0
1116-76-3 ,0
111-68-2 ,0
111-69-3 ,0
111-70-6 ,0
111-71-7 ,0
1117-59-5 ,0
111-76-2 ,0
111-77-3 ,0
111-78-4 ,0
1117-86-8 ,0
111-82-0 ,0
111-83-1 ,0
111-84-2 ,0
111-85-3 ,0
111-86-4 ,0
1118-69-0 ,0
111-87-5 ,0
111-88-6 ,0
111-90-0 ,0
111-91-1 ,0
111-92-2 ,0
1119-40-0 ,0
1119-44-4 ,0
1119-49-9 ,0
111-96-6 ,0
1120-06-5 ,0
1120-21-4 ,0
1120-28-1 ,0
1120-36-1 ,0
112-05-0 ,0
112-06-1 ,0
112-07-2 ,0
1120-72-5 ,0
1120-73-6 ,0
1120-87-2 ,1
1121-07-9 ,0
112-12-9 ,0
1121-37-5 ,0
112-14-1 ,0
112-15-2 ,0
1121-55-7 ,1
112-17-4 ,0
1121-76-2 ,1
112-18-5 ,0
1121-86-4 ,1
1121-92-2 ,0
112-20-9 ,0
1122-39-0 ,1
1122-54-9 ,1
1122-58-3 ,1
1122-60-7 ,0
1122-61-8 ,1
1122-62-9 ,1
1122-69-6 ,1
112-27-6 ,0
1122-81-2 ,1
1122-91-4 ,1
112-29-8 ,0
112-30-1 ,0
112-31-2 ,0
112-34-5 ,0
112-35-6 ,0
112-36-7 ,0
1123-73-5 ,1
112-37-8 ,0
112-39-0 ,0
1123-94-0 ,1
112-40-3 ,0
1124-05-6 ,1
1124-11-4 ,1
112-41-4 ,0
112-42-5 ,0
1124-27-2 ,0
1124-33-0 ,1
1124-35-2 ,1
112-44-7 ,0
112-47-0 ,0
112-49-2 ,0
112-52-7 ,0
112-53-8 ,0
112-54-9 ,0
112-55-0 ,0
1125-78-6 ,1
1125-80-0 ,2
112-58-3 ,0
112-59-4 ,0
112-60-7 ,0
112-61-8 ,0
112-62-9 ,0
112-63-0 ,0
1126-46-1 ,1
112-66-3 ,0
1126-78-9 ,1
112-70-9 ,0
112-71-0 ,0
112-72-1 ,0
1127-76-0 ,2
112-80-1 ,0
112-85-6 ,0
112-88-9 ,0
112-92-5 ,0
1129-35-7 ,1
112-95-8 ,0
113-00-8 ,0
113-45-1 ,1
1134-62-9 ,2
1135-24-6 ,1
1135-66-6 ,0
1136-85-2 ,3
1137-12-8 ,0
1137-41-3 ,2
1137-42-4 ,2
114-86-3 ,1
1148-79-4 ,3
1150-62-5 ,4
115-09-3 ,0
115-18-4 ,0
115-20-8 ,0
115-24-2 ,0
115-37-7 ,1
1156-05-4 ,1
115-77-5 ,0
115-86-6 ,3
115-95-7 ,0
116-02-9 ,0
116-09-6 ,0
116-53-0 ,0
117-18-0 ,1
117-39-5 ,3
117-81-7 ,1
117-82-8 ,1
117-83-9 ,1
117-84-0 ,1
117-89-5 ,2
117-99-7 ,2
1185-33-7 ,0
118-55-8 ,2
118-61-6 ,1
118-65-0 ,0
1186-53-4 ,0
118-69-4 ,1
1187-03-7 ,0
118-71-8 ,1
118-74-1 ,1
1187-58-2 ,0
118-79-6 ,1
118-90-1 ,1
118-91-2 ,1
118-92-3 ,1
118-93-4 ,1
118-96-7 ,1
1190-39-2 ,0
1192-18-3 ,0
1192-28-5 ,0
1192-37-6 ,0
1192-62-7 ,1
1192-89-8 ,1
119-33-5 ,1
1193-62-0 ,1
119-36-8 ,1
1193-82-4 ,1
1194-65-6 ,1
1195-14-8 ,2
1195-32-0 ,1
119-53-9 ,2
1195-79-5 ,0
119-60-8 ,0
119-61-9 ,2
119-64-2 ,1
119-65-3 ,2
1196-58-3 ,1
119-67-5 ,1
1197-01-9 ,1
1197-22-4 ,1
1198-37-4 ,2
119-84-6 ,1
1198-55-6 ,1
119-91-5 ,4
120-12-7 ,3
120-14-9 ,1
1202-25-1 ,1
120-25-2 ,1
120-29-6 ,0
120-47-8 ,1
120-51-4 ,2
1205-17-0 ,1
120-57-0 ,1
120-61-6 ,1
120-66-1 ,1
1207-12-1 ,3
1207-15-4 ,3
120-72-9 ,2
120-73-0 ,2
120-80-9 ,1
120-82-1 ,1
120-83-2 ,1
120-92-3 ,0
120-94-5 ,0
121-14-2 ,1
121-32-4 ,1
121-33-5 ,1
121-34-6 ,1
121-43-7 ,0
121-44-8 ,0
121-46-0 ,0
121-52-8 ,1
121552-61-2 ,2
121-57-3 ,1
121-69-7 ,1
121-72-2 ,1
121-73-3 ,1
121-79-9 ,1
121-81-3 ,1
121-82-4 ,0
121-89-1 ,1
121-91-5 ,1
121-92-6 ,1
121-98-2 ,1
122-00-9 ,1
122-03-2 ,1
122-14-5 ,1
1222-05-5 ,1
122-34-9 ,1
122-39-4 ,2
122-40-7 ,1
122-42-9 ,1
122-46-3 ,1
122-52-1 ,0
122-59-8 ,1
122-66-7 ,2
122-72-5 ,1
122-78-1 ,1
122-79-2 ,1
122-88-3 ,1
122-94-1 ,1
122-97-4 ,1
122-99-6 ,1
123-01-3 ,1
123-02-4 ,1
123-05-7 ,0
123-07-9 ,1
123-08-0 ,1
123-11-5 ,1
123-15-9 ,0
123-19-3 ,0
123-20-6 ,0
123-25-1 ,0
123-29-5 ,0
123-30-8 ,1
123312-89-0 ,1
123-31-9 ,1
123-32-0 ,1
123-35-3 ,0
123-39-7 ,0
123-42-2 ,0
123-51-3 ,0
123-54-6 ,0
123-56-8 ,0
123-63-7 ,0
123-66-0 ,0
123-68-2 ,0
123-73-9 ,0
123-75-1 ,0
123-76-2 ,0
123-80-8 ,0
123-86-4 ,0
123-91-1 ,0
123-92-2 ,0
123-95-5 ,0
123-96-6 ,0
123-99-9 ,0
124-02-7 ,0
124-04-9 ,0
124-06-1 ,0
124-07-2 ,0
124-09-4 ,0
124-10-7 ,0
124-11-8 ,0
124-12-9 ,0
124-13-0 ,0
124-18-5 ,0
124-19-6 ,0
124-22-1 ,0
124-25-4 ,0
124-30-1 ,0
124-48-1 ,0
124-68-5 ,0
124-76-5 ,0
125-28-0 ,1
125-29-1 ,1
125-40-6 ,0
125-71-3 ,1
126028-51-1 ,1
126-07-8 ,1
126-30-7 ,0
126-33-0 ,0
126-39-6 ,0
126-73-8 ,0
126-81-8 ,0
126-84-1 ,0
126-99-8 ,0
127-00-4 ,0
127-06-0 ,0
127-17-3 ,0
127-18-4 ,0
127-19-5 ,0
127-25-3 ,0
127-41-3 ,0
127-51-5 ,0
127-63-9 ,2
127-69-5 ,2
127-71-9 ,2
127-79-7 ,2
127-91-3 ,0
128-37-0 ,1
128-39-2 ,1
129-00-0 ,4
130-15-4 ,1
130-16-5 ,2
13019-20-0 ,0
13020-57-0 ,2
130-26-7 ,2
13029-08-8 ,2
13062-00-5 ,0
13067-27-1 ,1
13073-29-5 ,1
130-95-0 ,2
13110-37-7 ,1
131-11-3 ,1
131-16-8 ,1
131-17-9 ,1
131-18-0 ,1
13151-34-3 ,0
13151-35-4 ,0
131-57-7 ,2
131-91-9 ,2
13205-48-6 ,1
13214-66-9 ,1
132-22-9 ,2
13238-84-1 ,1
132-53-6 ,2
132539-06-1 ,2
132-64-9 ,3
132-65-0 ,3
13269-52-8 ,0
132-86-5 ,2
13286-90-3 ,0
13291-46-8 ,3
13311-84-7 ,1
133-16-4 ,1
13325-10-5 ,0
13330-65-9 ,1
133-37-9 ,0
13360-61-7 ,0
13360-63-9 ,0
13360-64-0 ,1
133-67-5 ,1
13389-42-9 ,0
134-20-3 ,1
134-32-7 ,2
13450-92-5 ,0
13450-95-8 ,0
134-62-3 ,1
13466-78-9 ,0
13474-59-4 ,0
13475-82-6 ,0
13476-55-6 ,1
134-81-6 ,2
134-85-0 ,2
135-01-3 ,1
135-02-4 ,1
135-19-3 ,2
13523-86-9 ,2
135-48-8 ,5
135-67-1 ,2
135-70-6 ,4
135-98-8 ,1
13632-93-4 ,1
13632-94-5 ,1
13655-52-2 ,1
136-60-7 ,1
13669-70-0 ,2
13673-92-2 ,1
137-05-3 ,0
13710-19-5 ,2
137-17-7 ,1
13730-55-7 ,1
137-32-6 ,0
13732-80-4 ,1
137-43-9 ,0
13744-15-5 ,0
137-58-6 ,1
13764-18-6 ,2
138-22-7 ,0
138-41-0 ,1
138-52-3 ,1
13877-91-3 ,0
138-86-3 ,0
138-89-6 ,1
13925-00-3 ,1
13925-06-9 ,1
139-40-2 ,1
139-45-7 ,0
13952-84-6 ,0
139-66-2 ,2
13979-81-2 ,1
139-85-5 ,1
14010-23-2 ,0
140-10-3 ,1
140-11-4 ,1
14028-44-5 ,2
140-29-4 ,1
140-39-6 ,1
140-57-8 ,1
140-65-8 ,1
140-67-0 ,1
140-88-5 ,0
14090-87-0 ,0
14090-88-1 ,0
14098-44-3 ,1
141-03-7 ,0
141-06-0 ,0
141-12-8 ,0
141-28-6 ,0
141-32-2 ,0
141-43-5 ,0
141-73-1 ,0
14174-08-4 ,1
141-76-4 ,0
141-79-7 ,0
141-82-2 ,0
14187-32-7 ,2
141-93-5 ,1
141-97-9 ,0
14199-15-6 ,1
1420-07-1 ,1
142-09-6 ,0
142-28-9 ,0
14248-50-1 ,1
142-62-1 ,0
14267-92-6 ,0
142-68-7 ,0
142-82-5 ,0
142-83-6 ,0
142-84-7 ,0
142-90-5 ,0
14290-92-7 ,0
142-92-7 ,0
142-96-1 ,0
143-07-7 ,0
143-08-8 ,0
14309-40-1 ,1
14309-41-2 ,1
1430-97-3 ,2
143-10-2 ,0
143-13-5 ,0
14315-11-8 ,2
14315-14-1 ,2
143-15-7 ,0
14321-27-8 ,1
143-22-6 ,0
143-24-8 ,0
143-27-1 ,0
143-36-2 ,0
143390-89-0 ,2
1435-68-3 ,2
1438-94-4 ,2
144-11-6 ,1
14417-01-7 ,1
144-48-9 ,0
144-49-0 ,0
144-62-7 ,0
144-80-9 ,1
144-83-2 ,2
14508-49-7 ,1
14529-53-4 ,1
1453-25-4 ,0
1453-58-3 ,1
1454-84-8 ,0
1454-85-9 ,0
1455-18-1 ,2
1455-21-6 ,0
1459-93-4 ,1
1460-57-7 ,0
14611-51-9 ,1
1461-25-2 ,0
1462-03-9 ,0
1462-84-6 ,1
1463-01-0 ,1
1463-17-8 ,2
146-54-3 ,2
14667-55-1 ,1
1466-76-8 ,1
14676-29-0 ,0
14686-13-6 ,0
14686-14-7 ,0
1468-95-7 ,3
1470-94-6 ,1
1476-11-5 ,0
14763-60-1 ,1
14763-61-2 ,1
1477-50-5 ,2
147-81-9 ,0
14804-32-1 ,1
1482-13-9 ,0
148-24-3 ,2
1483-60-9 ,1
14838-15-4 ,1
1484-12-4 ,3
1484-84-0 ,0
14850-23-8 ,0
148-53-8 ,1
148-79-8 ,3
1489-53-8 ,1
14906-59-3 ,1
14912-44-8 ,0
1491-59-4 ,1
14920-81-1 ,1
149-30-4 ,2
149-32-6 ,0
1493-27-2 ,1
14938-35-3 ,1
1498-96-0 ,1
149-91-7 ,1
15009-91-3 ,1
15012-36-9 ,1
150-13-0 ,1
150-19-6 ,1
1502-05-2 ,0
1502-06-3 ,0
1502-38-1 ,0
1504-74-1 ,1
150-60-7 ,2
150-68-5 ,1
150-76-5 ,1
150-78-7 ,1
150-86-7 ,0
151-00-8 ,0
151-10-0 ,1
151319-34-5 ,3
1515-95-3 ,1
1518-72-5 ,0
15192-80-0 ,0
1520-21-4 ,1
152-62-5 ,0
1528-30-9 ,0
15299-99-7 ,2
1530-03-6 ,2
15307-86-5 ,2
1532-72-5 ,2
1534-08-3 ,0
1538-74-5 ,1
15411-43-5 ,1
15423-57-1 ,0
15457-05-3 ,2
1551-21-9 ,0
1556-08-7 ,0
1556-09-8 ,0
1559-34-8 ,0
15594-90-8 ,0
1563-66-2 ,1
156-38-7 ,1
156-43-4 ,1
1565-17-9 ,1
156-59-2 ,0
15676-16-1 ,1
15687-27-1 ,1
156-87-6 ,0
1569-01-3 ,0
1570-45-2 ,1
1570-64-5 ,1
1570-65-6 ,1
15706-73-7 ,0
15707-24-1 ,1
1571-86-4 ,1
15726-15-5 ,0
15764-16-6 ,1
1576-67-6 ,3
1576-87-0 ,0
1576-96-1 ,0
1577-43-1 ,0
1583-58-0 ,1
15862-07-4 ,2
15869-80-4 ,0
15869-85-9 ,0
15869-86-0 ,0
15869-87-1 ,0
15869-92-8 ,0
15869-93-9 ,0
15869-94-0 ,0
15869-95-1 ,0
1589-47-5 ,0
1595-04-6 ,1
1595-05-7 ,1
15950-66-0 ,1
1595-06-8 ,1
1595-11-5 ,1
1595-16-0 ,1
15968-05-5 ,2
15972-60-8 ,1
1601-71-4 ,1
1601-73-6 ,1
16021-20-8 ,1
1604-28-0 ,0
16096-32-5 ,2
1610-17-9 ,1
1610-18-0 ,1
1611-92-3 ,1
1613-32-7 ,2
1613-34-9 ,2
1613-37-2 ,2
1613-45-2 ,0
1613-46-3 ,0
1617-18-1 ,0
162011-90-7 ,2
16219-75-3 ,0
16245-79-7 ,1
1628-89-3 ,1
1629-58-9 ,0
16308-92-2 ,1
1632-16-2 ,0
1632-76-4 ,1
1632-83-3 ,2
16339-04-1 ,0
16339-07-4 ,0
1634-04-4 ,0
1634-09-9 ,2
1638-22-8 ,1
1638-26-2 ,0
1639-09-4 ,0
1640-89-7 ,0
16409-45-3 ,0
1641-41-4 ,1
1642-81-5 ,1
1647-16-1 ,0
16491-36-4 ,0
16587-47-6 ,2
16587-50-1 ,2
16587-52-3 ,3
16605-91-7 ,2
16606-02-3 ,2
1663-35-0 ,0
1668-19-5 ,2
1671-75-6 ,1
1674-37-9 ,1
1674-38-0 ,1
16746-86-4 ,0
16747-25-4 ,0
16747-26-5 ,0
16747-28-7 ,0
16747-30-1 ,0
16747-31-2 ,0
16747-32-3 ,0
16747-33-4 ,0
16747-38-9 ,0
16747-50-5 ,0
1678-91-7 ,0
1678-92-8 ,0
1678-93-9 ,0
16789-46-1 ,0
1679-09-0 ,0
1679-47-6 ,0
1679-64-7 ,1
1687-61-2 ,1
1687-65-6 ,1
1689-84-5 ,1
16958-78-4 ,0
169590-42-5 ,3
16967-04-7 ,0
16982-00-6 ,1
17012-22-5 ,1
1703-52-2 ,1
17042-16-9 ,0
17057-91-9 ,2
1705-85-7 ,4
17059-44-8 ,1
17059-45-9 ,1
1706-11-2 ,1
17066-67-0 ,0
1707-03-5 ,2
1708-81-2 ,0
17171-72-1 ,1
17194-82-0 ,1
1721-89-7 ,2
1721-93-3 ,2
1722-12-9 ,1
17260-71-8 ,1
17283-81-7 ,0
17301-94-9 ,0
17302-01-1 ,0
1730-37-6 ,2
1731-79-9 ,0
1731-81-3 ,0
1731-84-6 ,0
1731-86-8 ,0
1731-88-0 ,0
1731-92-6 ,0
1731-94-8 ,0
1732-08-7 ,0
1732-09-8 ,0
1732-10-1 ,0
17337-12-1 ,0
17348-59-3 ,0
17352-32-8 ,0
17373-93-2 ,1
1738-25-6 ,0
1741-83-9 ,0
1741-84-0 ,0
1741-85-1 ,0
17422-33-2 ,2
17455-13-9 ,0
1745-81-9 ,1
1746-01-6 ,2
1746-23-2 ,1
1746-81-2 ,1
17514-96-4 ,2
17560-51-9 ,2
1758-85-6 ,1
1758-88-9 ,1
1759-53-1 ,0
1759-58-6 ,0
1761-61-1 ,1
17618-77-8 ,0
17627-41-7 ,0
17627-76-8 ,1
17679-93-5 ,0
17699-14-8 ,0
17700-09-3 ,1
1772-10-7 ,1
17794-44-4 ,0
1779-48-2 ,1
17849-38-6 ,1
1792-81-0 ,0
1798-09-0 ,1
18046-21-4 ,3
1806-26-4 ,1
18113-81-0 ,1
1812-51-7 ,2
18144-43-9 ,1
181695-72-7 ,3
1821-12-1 ,1
1821-39-2 ,1
1825-21-4 ,1
18252-44-3 ,0
18252-46-5 ,0
18259-05-7 ,2
18281-04-4 ,0
18281-05-5 ,0
18362-97-5 ,0
18368-95-1 ,0
18409-17-1 ,0
18409-18-2 ,0
18438-38-5 ,1
18441-60-6 ,1
1861-40-1 ,1
18640-74-9 ,1
1868-53-7 ,0
18707-60-3 ,0
18708-70-8 ,1
1877-71-0 ,1
1877-75-4 ,1
1878-49-5 ,1
1878-65-5 ,1
18787-63-8 ,0
18794-84-8 ,0
18829-55-5 ,0
18829-56-6 ,0
1883-32-5 ,2
1885-29-6 ,1
1885-38-7 ,1
18854-56-3 ,0
1888-71-7 ,0
18912-81-7 ,0
18970-44-0 ,1
1897-45-6 ,1
18979-50-5 ,1
18979-53-8 ,1
18979-72-1 ,1
19089-47-5 ,0
191-07-1 ,7
1912-24-9 ,1
191-24-2 ,6
191-26-4 ,6
1918-16-7 ,1
192053-49-9 ,0
19218-94-1 ,0
1929-29-9 ,1
192-97-2 ,5
193-39-5 ,6
19393-92-1 ,1
19398-61-9 ,1
19406-51-0 ,1
19407-28-4 ,0
1942-45-6 ,0
19427-36-2 ,0
19438-10-9 ,1
19486-60-3 ,2
195-19-7 ,4
1953-54-4 ,2
1964-45-0 ,2
19686-73-8 ,0
19700-21-1 ,0
1975-50-4 ,1
1975-78-6 ,0
19780-25-7 ,0
19780-44-0 ,0
19788-49-9 ,0
1982-49-6 ,1
1984-58-3 ,1
1984-59-4 ,1
1984-65-2 ,1
19847-12-2 ,1
198-55-0 ,5
1987-50-4 ,1
19937-59-8 ,1
20024-90-2 ,1
20024-91-3 ,1
20085-19-2 ,0
20098-48-0 ,1
20125-84-2 ,0
20125-85-3 ,0
2016-42-4 ,0
2016-57-1 ,0
20185-55-1 ,1
20193-20-8 ,0
20237-34-7 ,0
2027-19-2 ,2
20278-89-1 ,0
20282-30-8 ,2
20307-83-9 ,0
20307-84-0 ,0
203-12-3 ,5
2032-33-9 ,1
20333-39-5 ,0
2033-89-8 ,1
2036-41-1 ,1
2038-57-5 ,1
2039-82-9 ,1
2039-87-4 ,1
2040-96-2 ,0
2043-61-0 ,0
20448-86-6 ,1
20479-06-5 ,0
2049-94-7 ,1
2049-95-8 ,1
2049-96-9 ,1
2050-08-0 ,1
2050-20-6 ,0
2050-23-9 ,0
2050-24-0 ,1
2050-67-1 ,2
2050-68-2 ,2
2050-77-3 ,0
2050-92-2 ,0
2051-24-3 ,2
205-12-9 ,3
2051-30-1 ,0
2051-31-2 ,0
2051-60-7 ,2
2051-61-8 ,2
2051-62-9 ,2
2051-84-5 ,1
2052-14-4 ,1
205-43-6 ,4
20579-43-5 ,1
205-82-3 ,5
2058-74-4 ,1
205-99-2 ,5
206-44-0 ,4
20651-71-2 ,1
2065-23-8 ,1
20662-84-4 ,1
207-08-9 ,5
20739-58-6 ,0
2078-54-8 ,1
20809-46-5 ,0
20815-29-6 ,1
20820-82-0 ,1
2088-24-6 ,1
208-96-8 ,2
20928-02-3 ,3
2113-58-8 ,2
2131-38-6 ,2
2131-41-1 ,2
2131-42-2 ,2
2131-43-3 ,2
213-46-7 ,5
2136-99-4 ,2
2138-22-9 ,1
21391-99-1 ,1
214-17-5 ,5
2142-68-9 ,1
2146-38-5 ,0
2150-18-7 ,1
2152-34-3 ,1
2152-56-9 ,0
215-58-7 ,5
2156-96-9 ,0
2156-97-0 ,0
2162-99-4 ,0
2163-00-0 ,0
2164-17-2 ,1
2167-39-7 ,0
21725-46-2 ,1
2173-56-0 ,0
217-59-4 ,4
2176-98-9 ,0
2177-47-1 ,1
2177-77-7 ,0
2179-57-9 ,0
2179-59-1 ,0
2179-60-4 ,0
218-01-9 ,4
21829-25-4 ,1
2189-60-8 ,1
219-25-0 ,4
21948-70-9 ,1
2198-53-0 ,1
2198-61-0 ,0
21987-21-3 ,0
22047-25-2 ,1
22071-15-4 ,2
2210-28-8 ,0
22104-79-6 ,0
2211-68-9 ,0
2211-69-0 ,0
2212-67-1 ,0
22131-79-9 ,1
2213-23-2 ,0
2213-32-3 ,0
2215-77-2 ,2
2216-30-0 ,0
2216-32-2 ,0
2216-33-3 ,0
2216-34-4 ,0
2216-45-7 ,1
2216-69-5 ,2
2216-87-7 ,0
2219-73-0 ,1
2219-82-1 ,1
22204-53-1 ,2
22272-48-6 ,2
22287-02-1 ,0
22311-25-7 ,1
22316-47-8 ,2
2233-29-6 ,1
2234-75-5 ,0
2237-30-1 ,1
2239-78-3 ,0
2243-27-8 ,0
2243-42-7 ,2
2243-89-2 ,2
2243-90-5 ,2
224-41-9 ,5
2245-38-7 ,2
22469-52-9 ,0
22494-42-4 ,2
225-11-6 ,4
225-51-4 ,4
22567-17-5 ,0
2270-20-4 ,1
2282-84-0 ,1
22916-47-8 ,3
22936-75-0 ,1
22975-62-8 ,1
229-87-8 ,3
230-27-3 ,3
2303-16-4 ,0
2303-17-5 ,0
23086-43-3 ,1
2310-17-0 ,2
23103-98-2 ,1
2311-46-8 ,0
23135-22-0 ,0
2313-65-7 ,0
2314-48-9 ,0
2315-68-6 ,1
233-02-3 ,3
2338-25-2 ,2
234-41-3 ,3
2345-27-9 ,0
2345-28-0 ,0
2345-34-8 ,1
2349-13-5 ,0
23580-52-1 ,1
23597-82-2 ,1
23617-71-2 ,1
2363-71-5 ,0
2365-48-2 ,0
2370-63-0 ,0
23708-56-7 ,0
2371-19-9 ,0
2373-84-4 ,0
2381-21-7 ,4
2385-85-5 ,0
2387-78-2 ,0
238-84-6 ,3
239-35-0 ,4
23947-60-6 ,1
2395-96-2 ,3
2395-97-3 ,3
23978-09-8 ,0
2398-37-0 ,1
2403-22-7 ,1
2404-35-5 ,0
2408-20-0 ,0
2409-55-4 ,1
2411-36-1 ,0
2412-80-8 ,0
2416-94-6 ,1
24219-97-4 ,2
2422-79-9 ,4
2423-71-4 ,1
2425-54-9 ,0
24262-66-6 ,1
24295-03-2 ,1
243-17-4 ,3
2432-51-1 ,0
2433-96-7 ,0
24342-03-8 ,0
2436-93-3 ,2
2437-25-4 ,0
2437-56-1 ,0
2437-79-8 ,2
2440-40-6 ,0
2440-42-8 ,0
2445-67-2 ,0
2445-72-9 ,0
2445-76-3 ,0
2446-69-7 ,1
2453-46-5 ,0
2459-24-7 ,2
2459-25-8 ,2
24680-50-0 ,1
24703-35-3 ,0
2473-01-0 ,0
24768-42-1 ,0
24768-46-5 ,0
24807-55-4 ,1
24851-98-7 ,0
2497-18-9 ,0
2498-66-0 ,3
2498-77-3 ,4
2499-58-3 ,0
2499-59-4 ,0
2499-95-8 ,0
25081-39-4 ,1
2508-29-4 ,0
25152-84-5 ,0
2516-33-8 ,0
2516-96-3 ,1
2517-43-3 ,0
2523-37-7 ,2
25246-27-9 ,0
2525-62-4 ,0
2528-38-3 ,0
2530-26-9 ,1
25309-64-2 ,1
25311-71-1 ,1
2531-84-2 ,3
2532-58-3 ,0
2534-77-2 ,0
253-52-1 ,2
253-66-7 ,2
253-82-7 ,2
25413-64-3 ,0
25415-62-7 ,0
25415-67-2 ,0
25415-71-8 ,0
25415-77-4 ,0
25415-84-3 ,0
2541-69-7 ,4
25451-15-4 ,1
254-79-5 ,2
2548-87-0 ,0
2550-21-2 ,0
2550-26-7 ,1
25532-79-0 ,0
25569-80-6 ,2
2568-33-4 ,0
2568-89-0 ,0
2568-90-3 ,0
2568-91-4 ,0
2568-92-5 ,0
2568-96-9 ,0
25812-30-0 ,1
2581-34-2 ,1
2589-71-1 ,1
25961-91-5 ,0
25990-60-7 ,0
260-94-6 ,3
26158-99-6 ,0
26159-35-3 ,2
26171-23-3 ,2
262-12-4 ,2
26225-79-6 ,1
26232-98-4 ,0
2623-50-9 ,2
26259-45-0 ,1
26288-16-4 ,0
2639-63-6 ,0
26399-36-0 ,1
26538-44-3 ,1
26560-14-5 ,0
26621-45-4 ,1
2664-55-3 ,0
26825-83-2 ,0
268-77-9 ,3
2691-41-0 ,0
2696-43-7 ,0
2696-84-6 ,1
2702-58-1 ,1
271-58-9 ,2
271-63-6 ,2
2717-42-2 ,2
271-89-6 ,2
27203-92-5 ,1
2724-58-5 ,0
273-53-0 ,2
2738-19-4 ,0
274-09-9 ,1
27522-11-8 ,0
275-51-4 ,2
27554-26-3 ,1
2758-18-1 ,0
27625-35-0 ,0
2765-18-6 ,2
27674-74-4 ,1
27817-67-0 ,0
2785-87-7 ,1
279-23-2 ,0
2807-30-9 ,0
2808-80-2 ,0
2809-67-8 ,0
281-23-2 ,0
28159-98-0 ,1
28177-48-2 ,1
2825-83-4 ,0
28267-29-0 ,0
28387-44-2 ,0
2845-89-8 ,1
28469-92-3 ,1
2847-72-5 ,0
28477-64-7 ,0
2849-98-1 ,0
28553-12-0 ,1
2859-68-9 ,1
2868-37-3 ,0
2869-34-3 ,0
2876-53-1 ,2
287-92-3 ,0
288-13-1 ,1
288-32-4 ,1
288-47-1 ,1
288-88-0 ,1
288-94-8 ,1
28911-01-5 ,3
28973-97-9 ,0
289-80-5 ,1
28981-97-7 ,3
28994-41-4 ,2
289-95-2 ,1
290-37-9 ,1
2905-67-1 ,1
29082-74-4 ,1
29122-68-7 ,1
2915-72-2 ,1
2916-31-6 ,0
291-64-5 ,0
2919-23-5 ,0
2921-88-2 ,1
2922-51-2 ,0
292-64-8 ,0
29316-05-0 ,1
2933-94-0 ,1
293-55-0 ,0
293-96-9 ,0
294-41-7 ,0
2944-49-2 ,1
29460-92-2 ,1
294-62-2 ,0
294-93-9 ,0
295-17-0 ,0
29518-02-3 ,0
2973-78-6 ,1
2974-90-5 ,2
2974-92-7 ,2
298-00-0 ,1
298-04-4 ,0
2983-37-1 ,0
2983-38-2 ,0
29837-07-8 ,0
29837-12-5 ,0
298-46-4 ,2
2987-16-8 ,0
29873-99-2 ,0
298-81-7 ,3
2991-28-8 ,1
299-42-3 ,1
29975-16-4 ,3
2998-23-4 ,0
299-84-3 ,1
3001-98-7 ,0
30021-74-0 ,0
3002-24-2 ,0
300-57-2 ,1
300-62-9 ,1
3006-96-0 ,1
3007-71-4 ,1
300-85-6 ,0
301-00-8 ,0
3011-76-5 ,0
3017-95-6 ,0
302-17-0 ,0
3031-66-1 ,0
303-38-8 ,1
303-49-1 ,2
303-53-7 ,2
3048-64-4 ,0
304-88-1 ,2
305-03-3 ,1
30516-87-1 ,1
30533-08-5 ,0
30560-19-1 ,0
3060-89-7 ,1
30673-60-0 ,0
3068-88-0 ,0
3070-53-9 ,0
3073-66-3 ,0
3073-92-5 ,0
3074-71-3 ,0
3074-75-7 ,0
3074-76-8 ,0
3074-77-9 ,0
30796-92-0 ,4
309-00-2 ,0
3112-85-4 ,1
3113-71-1 ,1
311-45-5 ,1
3114-70-3 ,0
312-73-2 ,2
3129-42-8 ,0
3129-43-9 ,0
31317-07-4 ,3
31317-19-8 ,3
3132-64-7 ,0
3132-99-8 ,1
314-40-9 ,1
3149-28-8 ,1
31501-11-8 ,0
31508-00-6 ,2
315-30-0 ,2
3153-37-5 ,0
31575-35-6 ,1
316-49-4 ,4
3178-22-1 ,0
3178-29-8 ,0
3179-47-3 ,0
31828-71-4 ,1
31842-01-0 ,2
319-84-6 ,0
319-85-7 ,0
319-86-8 ,0
32064-72-5 ,0
3208-16-0 ,1
3209-22-1 ,1
321-14-2 ,1
321-28-8 ,1
321-60-8 ,2
321-64-2 ,2
3217-86-5 ,0
3221-61-2 ,0
3238-38-8 ,1
32598-10-0 ,2
32598-11-1 ,2
32598-12-2 ,2
32598-13-3 ,2
32598-14-4 ,2
326-06-7 ,1
3268-49-3 ,0
32690-93-0 ,2
326-91-0 ,1
327-19-5 ,2
32749-94-3 ,0
327-54-8 ,1
32774-16-6 ,2
3296-50-2 ,0
329-71-5 ,1
330-12-1 ,1
33025-41-1 ,2
330-54-1 ,1
330-55-2 ,1
33083-83-9 ,0
33091-17-7 ,2
33100-27-5 ,0
331-39-5 ,1
33146-45-1 ,2
33213-65-9 ,0
33228-44-3 ,1
33228-45-4 ,1
33284-50-3 ,2
33284-52-5 ,2
33284-53-6 ,2
33284-54-7 ,2
3338-55-4 ,0
334-48-5 ,0
334-56-5 ,0
33467-73-1 ,0
33467-74-2 ,0
33467-76-4 ,0
334-68-9 ,0
3350-30-9 ,0
3351-28-8 ,4
3351-30-2 ,4
3351-31-3 ,4
3351-32-4 ,4
335-48-8 ,0
335-99-9 ,0
3360-41-6 ,1
33626-25-4 ,0
33671-46-4 ,2
33693-04-8 ,1
33719-74-3 ,1
3380-34-5 ,2
3386-33-2 ,0
3387-41-5 ,0
3391-86-4 ,0
3393-64-4 ,0
33972-81-5 ,0
33979-03-2 ,2
3400-45-1 ,0
3404-61-3 ,0
3404-65-7 ,0
3404-71-5 ,0
3404-73-7 ,0
3410-54-6 ,0
34123-59-6 ,1
3424-82-6 ,2
34256-82-1 ,1
3438-46-8 ,1
3438-48-0 ,2
3442-78-2 ,4
3446-89-7 ,1
3481-20-7 ,1
348-51-6 ,1
348-52-7 ,1
348-54-9 ,1
34883-39-1 ,2
34883-41-5 ,2
34883-43-7 ,2
349-76-8 ,1
34981-11-8 ,1
350-03-8 ,1
350-46-9 ,1
350-50-5 ,1
35065-27-1 ,2
35065-28-2 ,2
35065-29-3 ,2
35065-30-6 ,2
35073-27-9 ,0
35112-28-8 ,1
351-36-0 ,1
35153-15-2 ,0
3520-52-3 ,1
3522-94-9 ,0
352-32-9 ,1
352-33-0 ,1
352-34-1 ,1
3524-73-0 ,0
352-70-5 ,1
352-87-4 ,0
352-93-2 ,0
35367-38-5 ,2
354-04-1 ,0
354-15-4 ,0
354-21-2 ,0
354-30-3 ,0
35572-78-2 ,1
3558-60-9 ,1
35599-77-0 ,0
35599-78-1 ,0
3561-84-0 ,1
35693-92-6 ,2
35693-99-3 ,2
35694-04-3 ,2
35694-06-5 ,2
35694-08-7 ,2
3575-19-7 ,1
357-70-0 ,1
35852-46-1 ,0
35926-04-6 ,0
35926-06-8 ,0
3603-99-4 ,0
36104-80-0 ,2
3618-12-0 ,0
36262-09-6 ,0
36301-29-8 ,1
36322-90-4 ,2
3634-92-2 ,0
363-72-4 ,1
3637-61-4 ,0
3637-63-6 ,0
36404-30-5 ,1
364-62-5 ,1
3648-21-3 ,1
3652-91-3 ,3
36559-22-5 ,2
3658-80-8 ,0
366-18-7 ,2
36653-82-4 ,0
36685-97-9 ,1
367-11-3 ,1
367-12-4 ,1
367-23-7 ,1
367-25-9 ,1
367-30-6 ,1
367-57-7 ,0
3681-78-5 ,0
3683-19-0 ,0
3683-22-5 ,0
36894-69-6 ,2
3691-11-0 ,0
36917-36-9 ,1
3697-24-3 ,4
3698-89-3 ,0
3698-94-0 ,0
3698-95-1 ,0
370-14-9 ,1
37064-20-3 ,0
3710-30-3 ,0
371-40-4 ,1
371-41-5 ,1
372-09-8 ,0
372-18-9 ,1
372-19-0 ,1
3721-95-7 ,0
372-20-3 ,1
372-38-3 ,1
3724-55-8 ,0
372-46-3 ,0
372-47-4 ,1
372-48-5 ,1
3727-31-9 ,0
373-14-8 ,0
373-44-4 ,0
3741-00-2 ,0
3748-84-3 ,1
37517-30-9 ,1
37529-27-4 ,1
37529-29-6 ,1
37529-30-9 ,1
37587-81-8 ,0
37587-86-3 ,0
375-96-2 ,0
3760-14-3 ,0
3761-94-2 ,0
37680-65-2 ,2
37680-66-3 ,2
37680-68-5 ,2
37680-69-6 ,2
37680-73-2 ,2
3769-23-1 ,0
3770-48-7 ,3
3777-69-3 ,1
3777-70-6 ,1
3777-71-7 ,1
3779-61-1 ,0
3796-70-1 ,0
38028-67-0 ,1
38194-50-2 ,2
38379-99-6 ,2
38380-01-7 ,2
38380-02-8 ,2
38380-03-9 ,2
38380-04-0 ,2
38380-05-1 ,2
38380-07-3 ,2
38380-08-4 ,2
3839-22-3 ,1
38404-42-1 ,1
38411-22-2 ,2
38411-25-5 ,2
38444-73-4 ,2
38444-76-7 ,2
38444-77-8 ,2
38444-78-9 ,2
38444-81-4 ,2
38444-84-7 ,2
38444-85-8 ,2
38444-86-9 ,2
38444-87-0 ,2
38444-88-1 ,2
38444-90-5 ,2
38444-93-8 ,2
385-00-2 ,1
3855-26-3 ,1
3856-25-5 ,0
3875-51-2 ,0
3877-15-4 ,0
389-08-2 ,2
3902-71-4 ,3
39029-41-9 ,0
3913-81-3 ,0
3916-44-7 ,2
39255-32-8 ,0
392-56-3 ,1
3930-20-9 ,1
3937-56-2 ,0
3938-95-2 ,0
3938-96-3 ,0
394-35-4 ,1
3943-74-6 ,1
39485-83-1 ,2
39562-70-4 ,1
396-01-0 ,3
39608-47-4 ,1
39635-31-9 ,2
39635-35-3 ,2
3964-18-9 ,0
3964-56-5 ,1
3970-62-5 ,0
3978-81-2 ,1
3982-64-7 ,1
3982-66-9 ,1
4008-48-4 ,2
40186-70-7 ,2
40186-71-8 ,2
40186-72-9 ,2
402-45-9 ,1
402-67-5 ,1
4032-86-4 ,0
403-33-8 ,1
403-42-9 ,1
4048-33-3 ,0
404-86-4 ,1
4050-45-7 ,0
4054-38-0 ,0
4074-43-5 ,1
4074-46-8 ,1
4080-46-0 ,0
40813-84-1 ,0
4099-71-2 ,1
4110-44-5 ,0
4110-50-3 ,0
41114-00-5 ,0
41175-50-2 ,1
4126-78-7 ,0
4130-42-1 ,1
4132-77-8 ,1
41394-05-2 ,2
41411-62-5 ,2
41411-63-6 ,2
41411-64-7 ,2
4143-63-9 ,3
41464-39-5 ,2
41464-40-8 ,2
41464-41-9 ,2
41464-42-0 ,2
41464-43-1 ,2
41464-46-4 ,2
41464-47-5 ,2
41464-48-6 ,2
41464-49-7 ,2
41464-51-1 ,2
4147-51-7 ,1
4161-60-8 ,0
4170-24-5 ,0
4177-16-6 ,1
4191-73-5 ,1
4200-95-7 ,0
4205-90-7 ,1
421-01-2 ,0
4212-43-5 ,0
4218-48-8 ,1
42200-33-9 ,1
4229-91-8 ,1
4230-93-7 ,1
4238-71-5 ,2
4245-35-6 ,0
42472-93-5 ,1
42474-44-2 ,0
42509-80-8 ,1
4253-89-8 ,0
42542-10-9 ,1
42565-22-0 ,0
4265-25-2 ,2
42740-50-1 ,2
4282-40-0 ,0
4282-42-2 ,0
4282-44-4 ,0
4285-59-0 ,0
4292-04-0 ,0
4292-19-7 ,0
431-21-0 ,0
43121-43-3 ,2
433-97-6 ,1
434-22-0 ,0
434-64-0 ,1
437-38-7 ,2
4375-14-8 ,0
4376-18-5 ,1
4385-35-7 ,1
438-60-8 ,2
439-14-5 ,2
4394-00-7 ,2
4394-85-8 ,0
4415-82-1 ,0
4430-36-8 ,0
443-48-1 ,1
4439-24-1 ,0
444-30-4 ,1
4448-75-3 ,0
445-27-2 ,1
445-29-4 ,1
4461-87-4 ,0
446-35-5 ,1
446-52-6 ,1
4466-24-4 ,1
447-53-0 ,1
4478-93-7 ,0
4481-30-5 ,1
4485-09-0 ,0
4519-39-5 ,1
4521-28-2 ,1
452-71-1 ,1
452-86-8 ,1
453-18-9 ,0
453-71-4 ,1
454-92-2 ,1
4549-31-9 ,0
4549-32-0 ,0
4549-33-1 ,0
4551-51-3 ,0
455-24-3 ,1
455-38-9 ,1
455-40-3 ,1
455-68-5 ,1
455-86-7 ,1
456-22-4 ,1
456-48-4 ,1
456-49-5 ,1
456-55-3 ,1
4567-98-0 ,0
458-88-8 ,0
4595-59-9 ,1
4595-60-2 ,1
459-57-4 ,1
459-60-9 ,1
459-72-3 ,0
460-00-4 ,1
461-58-5 ,0
462-06-6 ,1
4628-21-1 ,0
462-94-2 ,0
462-95-3 ,0
4630-20-0 ,3
4630-82-4 ,0
463-11-6 ,0
463-18-3 ,0
463-40-1 ,0
464-06-2 ,0
464-07-3 ,0
4655-34-9 ,0
465-65-6 ,1
4658-28-0 ,1
4673-31-8 ,1
4674-50-4 ,0
46817-91-8 ,1
4685-47-6 ,1
469-21-6 ,2
469-61-4 ,0
469-62-5 ,2
470-40-6 ,0
4706-90-5 ,1
4707-47-5 ,1
470-82-6 ,0
471-12-5 ,0
471-84-1 ,0
473-13-2 ,0
475-20-7 ,0
477-75-8 ,3
4792-15-8 ,0
479-45-8 ,1
4798-44-1 ,0
480-40-0 ,3
481-21-0 ,0
4812-20-8 ,1
4815-57-0 ,1
482-89-3 ,2
483-76-1 ,0
483-78-3 ,2
484-20-8 ,3
486-25-9 ,2
486-56-6 ,1
4869-59-4 ,1
487-68-3 ,1
488-23-3 ,1
488-70-0 ,1
489-39-4 ,0
489-40-7 ,0
4894-61-5 ,0
4901-51-3 ,1
490-79-9 ,1
491-35-0 ,2
4914-91-4 ,0
491-70-3 ,3
491-78-1 ,3
491-80-5 ,3
4919-33-9 ,1
4920-77-8 ,1
4920-99-4 ,1
492-22-8 ,3
492-37-5 ,1
493-09-4 ,1
4938-52-7 ,0
494-90-6 ,1
495-40-9 ,1
495-60-3 ,0
495-61-4 ,0
496-10-6 ,0
496-11-7 ,1
496-14-0 ,1
496-15-1 ,1
496-67-3 ,0
496-78-6 ,1
497-03-0 ,0
497-06-3 ,0
498-02-2 ,1
498-66-8 ,0
499-06-9 ,1
499-75-2 ,1
500-22-1 ,1
50-06-6 ,1
5008-72-0 ,0
5008-73-1 ,0
5009-32-5 ,0
500-99-2 ,1
50-11-3 ,0
501-24-6 ,1
501-30-4 ,1
501-36-0 ,2
501-52-0 ,1
501-97-3 ,1
50-21-5 ,0
502-41-0 ,0
502-42-1 ,0
502-49-8 ,0
502-56-7 ,0
502-61-4 ,0
50-27-1 ,1
502-72-7 ,0
50277-34-4 ,1
50-28-2 ,1
50-29-3 ,2
50-30-6 ,1
50-32-8 ,5
50-33-9 ,2
50-35-1 ,1
50-36-2 ,1
503-74-2 ,0
50375-10-5 ,1
504-02-9 ,0
504-24-5 ,1
504-29-0 ,1
504-63-2 ,0
50-47-5 ,2
50-48-6 ,2
50-49-7 ,2
505-22-6 ,0
50-53-3 ,2
5053-43-0 ,1
505-48-6 ,0
505-60-2 ,0
505-65-7 ,0
505-84-0 ,0
506-05-8 ,0
506-12-7 ,0
506-30-9 ,0
506-32-1 ,0
506-83-2 ,0
50-70-4 ,0
507-19-7 ,0
507-36-8 ,0
507-70-0 ,0
50-78-2 ,1
5081-36-7 ,1
50-81-7 ,0
508-32-7 ,0
50-84-0 ,1
509-14-8 ,0
510-15-6 ,2
510-20-3 ,0
5103-71-9 ,0
5103-74-2 ,0
5104-49-4 ,2
51-06-9 ,1
511-15-9 ,1
511-59-1 ,0
51169-17-6 ,2
51-17-2 ,2
51218-45-2 ,1
512-56-1 ,0
512-61-8 ,0
51-28-5 ,1
5129-46-4 ,0
5129-48-6 ,0
5129-72-6 ,0
513-08-6 ,0
513-36-0 ,0
513-37-1 ,0
513-42-8 ,0
51-34-3 ,1
513-44-0 ,0
513-48-4 ,0
513-53-1 ,0
51-36-5 ,1
5137-45-1 ,0
513-81-5 ,0
513-85-9 ,0
513-86-0 ,0
513-88-2 ,0
51-44-5 ,1
514-51-2 ,0
51-45-6 ,1
5145-99-3 ,0
514-62-5 ,1
514-65-8 ,1
5150-42-5 ,1
515-13-9 ,0
51-52-5 ,1
51-55-8 ,1
515-64-0 ,2
515-82-2 ,0
515-84-4 ,0
5160-99-6 ,1
51-61-6 ,1
51-66-1 ,1
51-67-2 ,1
51-79-6 ,0
51803-78-2 ,2
5183-78-8 ,1
51908-16-8 ,2
51911-82-1 ,0
51940-44-4 ,2
519-44-8 ,1
5194-50-3 ,0
5194-51-4 ,0
519-73-3 ,3
520-33-2 ,2
5208-59-3 ,0
521-11-9 ,0
521-35-7 ,2
521-74-4 ,2
522-24-7 ,2
52315-07-8 ,2
523-31-9 ,3
523-47-7 ,0
523-80-8 ,1
52-43-7 ,0
524-42-5 ,1
525-66-6 ,2
525-82-6 ,3
526-08-9 ,3
526-36-3 ,1
52645-53-1 ,2
52663-58-8 ,2
52663-59-9 ,2
52663-60-2 ,2
52663-61-3 ,2
52663-62-4 ,2
52663-63-5 ,2
52663-64-6 ,2
52663-65-7 ,2
52663-66-8 ,2
52663-67-9 ,2
52663-68-0 ,2
52663-69-1 ,2
52663-70-4 ,2
52663-71-5 ,2
52663-72-6 ,2
52663-73-7 ,2
52663-74-8 ,2
52663-75-9 ,2
52663-76-0 ,2
52663-77-1 ,2
52663-78-2 ,2
52663-79-3 ,2
526-73-8 ,1
526-75-0 ,1
526-85-2 ,1
52-68-6 ,0
52704-70-8 ,2
52712-04-6 ,2
52712-05-7 ,2
527-20-8 ,1
527-35-5 ,1
52744-13-5 ,2
527-53-7 ,1
527-54-8 ,1
527-60-6 ,1
527-84-4 ,1
528-29-0 ,1
528-45-0 ,1
5285-87-0 ,1
52-86-8 ,2
528-75-6 ,1
52888-80-9 ,1
529-05-5 ,2
529-16-8 ,0
529-19-1 ,1
529-20-4 ,1
529-21-5 ,1
529-33-9 ,1
529-35-1 ,1
530-44-9 ,2
530-57-4 ,1
530-59-6 ,1
5307-14-2 ,1
530-78-9 ,2
530-91-6 ,1
53112-28-0 ,2
53-16-7 ,1
53-19-0 ,2
532-03-6 ,1
532-27-4 ,1
5331-48-6 ,0
533-18-6 ,1
5332-24-1 ,2
5332-52-5 ,0
5332-73-0 ,0
533-58-4 ,1
5336-53-8 ,2
533-73-3 ,1
533-75-5 ,1
53392-86-2 ,0
534-15-6 ,0
5341-95-7 ,0
534-22-5 ,1
5343-92-0 ,0
53448-07-0 ,0
5344-97-8 ,1
534-52-1 ,1
53494-70-5 ,0
53555-66-1 ,2
535-77-3 ,1
535-80-8 ,1
53583-79-2 ,1
53585-13-0 ,0
536-25-4 ,1
536-60-7 ,1
536-74-3 ,1
536-75-4 ,1
536-78-7 ,1
536-88-9 ,1
536-90-3 ,1
53-70-3 ,5
537-92-8 ,1
53-86-1 ,3
538-68-1 ,1
538-74-9 ,2
538-86-3 ,1
538-93-2 ,1
53902-12-8 ,2
539-15-1 ,1
539-30-0 ,1
53957-33-8 ,1
5396-24-7 ,0
53966-36-2 ,0
539-82-2 ,0
539-90-2 ,0
54004-43-2 ,0
540-07-8 ,0
540-18-1 ,0
540-36-3 ,1
540-37-4 ,1
540-38-5 ,1
540-42-1 ,0
54048-10-1 ,0
540-51-2 ,0
5405-41-4 ,0
54056-51-8 ,0
54-05-7 ,2
54063-53-5 ,2
540-63-6 ,0
5406-58-6 ,1
5407-98-7 ,1
540-84-1 ,0
5408-57-1 ,0
540-88-5 ,0
54-11-5 ,1
54119-29-8 ,1
54-12-6 ,2
541-28-6 ,0
541-31-1 ,0
541-35-5 ,0
54135-80-7 ,1
54135-81-8 ,1
54135-82-9 ,1
54143-55-4 ,1
541-46-8 ,0
541-59-3 ,0
541-73-1 ,1
541-85-5 ,0
542-10-9 ,0
542-18-7 ,0
5422-88-8 ,1
542-28-9 ,0
54230-22-7 ,2
542-54-1 ,0
542-55-2 ,0
542-56-3 ,0
542-69-8 ,0
542-76-7 ,0
5428-54-6 ,1
542-85-8 ,0
54290-22-1 ,1
542-90-5 ,0
5429-28-7 ,1
543-24-8 ,0
543-49-7 ,0
543-59-9 ,0
5437-45-6 ,1
544-01-4 ,0
544-02-5 ,0
544-10-5 ,0
544-13-8 ,0
544-15-0 ,0
544-16-1 ,0
544-25-2 ,0
544-40-1 ,0
544-63-8 ,0
544-76-3 ,0
544-77-4 ,0
545-06-2 ,0
5451-95-6 ,1
5452-35-7 ,0
5452-37-9 ,0
5459-37-0 ,0
546-28-1 ,0
546-80-5 ,0
54739-18-3 ,1
547-63-7 ,0
547-64-8 ,0
54-85-3 ,1
54910-89-3 ,2
550-44-7 ,1
55179-31-2 ,3
55-18-5 ,0
551-92-8 ,1
55-21-0 ,1
55215-17-3 ,2
55215-18-4 ,2
552-16-9 ,1
55-22-1 ,1
55268-74-1 ,1
552-89-6 ,1
55312-69-1 ,2
553-17-3 ,2
553-26-4 ,2
5532-90-1 ,1
553-82-2 ,1
553-90-2 ,0
554-00-7 ,1
554-12-1 ,0
554-14-3 ,1
554-61-0 ,0
554-84-7 ,1
555-03-3 ,1
555-10-2 ,0
555-16-8 ,1
555-37-3 ,1
556-08-1 ,1
556-24-1 ,0
55-63-0 ,0
556-56-9 ,0
556-61-6 ,0
556-64-9 ,0
55669-88-0 ,1
556-82-1 ,0
557-00-6 ,0
55702-45-9 ,2
55702-46-0 ,2
55712-37-3 ,2
55720-44-0 ,2
557-31-3 ,0
557-35-7 ,0
557-40-4 ,0
557-48-2 ,0
55757-34-1 ,0
557-59-5 ,0
558-13-4 ,0
558-17-8 ,0
5582-82-1 ,0
558-43-0 ,0
560-21-4 ,0
56030-56-9 ,2
560-32-7 ,0
56-23-5 ,0
562-49-2 ,0
562-74-3 ,0
56-29-1 ,0
563-04-2 ,3
563-16-6 ,0
563-58-6 ,0
563-78-0 ,0
563-79-1 ,0
563-80-4 ,0
56-38-2 ,1
5638-76-6 ,1
564-02-3 ,0
56-49-5 ,4
56-53-1 ,2
56-54-2 ,2
56-55-3 ,4
56558-16-8 ,2
56558-17-9 ,2
56558-18-0 ,2
565-59-3 ,0
565-60-6 ,0
565-61-7 ,0
565-64-0 ,0
565-67-3 ,0
565-69-5 ,0
56-57-5 ,2
565-75-3 ,0
56578-36-0 ,1
565-80-0 ,0
5668-93-9 ,2
5669-09-0 ,0
5675-51-4 ,0
56-75-7 ,1
56775-88-3 ,2
56-81-5 ,0
5683-33-0 ,1
56922-71-5 ,0
56922-72-6 ,0
56922-80-6 ,0
56922-82-8 ,0
569-41-5 ,2
56961-20-7 ,1
56961-77-4 ,1
57-06-7 ,0
5707-44-8 ,2
57-10-3 ,0
57-11-4 ,0
57-13-6 ,0
57-15-8 ,0
571-58-4 ,2
571-60-8 ,2
571-61-9 ,2
57-24-9 ,1
57-27-2 ,1
573-56-8 ,1
573-98-8 ,2
574-00-5 ,2
57-41-0 ,2
57-43-2 ,0
57-44-3 ,0
57465-28-8 ,2
57-47-6 ,1
57-48-7 ,0
5749-72-4 ,0
57-50-1 ,0
57-53-4 ,0
575-37-1 ,2
575-38-2 ,2
575-41-7 ,2
575-43-9 ,2
575-44-0 ,2
57-55-6 ,0
57-57-8 ,0
576-24-9 ,1
576-26-1 ,1
57-63-6 ,1
57646-30-7 ,2
57-66-9 ,1
57-67-0 ,1
57-68-1 ,2
577-16-2 ,1
577-19-5 ,1
577-55-9 ,1
577-56-0 ,1
577-71-9 ,1
577-85-5 ,3
5779-94-2 ,1
57-83-0 ,0
57837-19-1 ,1
57-85-2 ,0
578-54-1 ,1
578-57-4 ,1
578-58-5 ,1
5786-21-0 ,2
578-67-6 ,2
579-10-2 ,1
579-74-8 ,1
579-75-9 ,1
57-97-6 ,4
580-13-2 ,2
580-51-8 ,2
58-08-2 ,2
581-40-8 ,2
581-42-0 ,2
58-15-1 ,2
58-18-4 ,0
581-89-5 ,2
582-16-1 ,2
58-22-0 ,0
58-25-3 ,2
5834-16-2 ,1
583-48-2 ,0
583-53-9 ,1
583-55-1 ,1
583-58-4 ,1
583-60-8 ,0
583-61-9 ,1
58368-66-4 ,0
583-78-8 ,1
58-38-8 ,2
58-40-2 ,2
584-02-1 ,0
584-03-2 ,0
584-84-9 ,1
584-94-1 ,0
585-34-2 ,1
58-55-9 ,2
585-71-7 ,1
585-74-0 ,1
585-76-2 ,1
585-79-5 ,1
586-11-8 ,1
58-61-7 ,2
586-37-8 ,1
586-38-9 ,1
586-62-9 ,0
586-76-5 ,1
586-77-6 ,1
586-78-7 ,1
586-89-0 ,1
586-96-9 ,1
586-98-1 ,1
587-02-0 ,1
587-03-1 ,1
587-04-2 ,1
58-73-1 ,2
587-34-8 ,1
58-74-2 ,3
587-48-4 ,1
5878-19-3 ,0
587-85-9 ,2
5881-17-4 ,0
58821-30-0 ,0
58-85-5 ,0
588-96-5 ,1
58-89-9 ,0
58-90-2 ,1
589-08-2 ,1
589-16-2 ,1
589-18-4 ,1
589-34-4 ,0
58-93-5 ,1
589-35-5 ,0
589-38-8 ,0
589-40-2 ,0
589-43-5 ,0
58-94-6 ,1
589-53-7 ,0
589-55-9 ,0
589-59-3 ,0
589-62-8 ,0
589-63-9 ,0
589-66-2 ,0
58-96-8 ,1
589-81-1 ,0
589-82-2 ,0
589-87-7 ,1
589-92-4 ,0
589-93-5 ,1
589-98-0 ,0
590-01-2 ,0
590-11-4 ,0
590-12-5 ,0
590-35-2 ,0
590-36-3 ,0
590-50-1 ,0
590-66-9 ,0
590-67-0 ,0
590-73-8 ,0
590-86-3 ,0
590-90-9 ,0
590-92-1 ,0
5910-85-0 ,0
5910-87-2 ,0
5910-89-4 ,1
591-17-3 ,1
591-18-4 ,1
591-19-5 ,1
591-20-8 ,1
591-21-9 ,0
591-22-0 ,1
59123-41-0 ,0
591-24-2 ,0
591-27-5 ,1
591-31-1 ,1
591-35-5 ,1
591-47-9 ,0
591-48-0 ,0
591-49-1 ,0
591-50-4 ,1
5915-41-3 ,1
591-68-4 ,0
591-76-4 ,0
591-78-6 ,0
591-87-7 ,0
592-13-2 ,0
5921-73-3 ,0
5921-80-2 ,0
592-20-1 ,0
592-27-8 ,0
592-31-4 ,0
59-23-4 ,0
592-41-6 ,0
592-42-7 ,0
592-44-9 ,0
592-50-7 ,0
592-57-4 ,0
5925-75-7 ,0
592-76-7 ,0
59277-89-3 ,2
592-84-7 ,0
592-88-1 ,0
593-08-8 ,0
593-45-3 ,0
593-49-7 ,0
593-71-5 ,0
593-74-8 ,0
594-20-7 ,0
594-27-4 ,0
594-36-5 ,0
594-39-8 ,0
594-56-9 ,0
594-60-5 ,0
59-46-1 ,1
594-70-7 ,0
594-72-9 ,0
594-82-1 ,0
59-48-3 ,1
59-50-7 ,1
595-37-9 ,0
595-41-5 ,0
595-46-0 ,0
59-63-2 ,2
59-66-5 ,1
59-67-6 ,1
59729-33-8 ,2
5973-71-7 ,1
597-49-9 ,0
597-64-8 ,0
597-76-2 ,0
597-96-6 ,0
598-02-7 ,0
598-38-9 ,0
598-42-5 ,0
598-49-2 ,0
598-50-5 ,0
598-55-0 ,0
5986-55-0 ,0
598-72-1 ,0
598-75-4 ,0
598-78-7 ,0
59-89-2 ,0
598-94-7 ,0
598-98-1 ,0
598-99-2 ,0
599-04-2 ,0
599-69-9 ,1
59973-07-8 ,0
59973-08-9 ,0
600-05-5 ,0
600-14-6 ,0
60-01-5 ,0
6001-87-2 ,0
600-25-9 ,0
600-36-2 ,0
6008-36-2 ,1
60-09-3 ,2
60-12-8 ,1
60145-20-2 ,2
60145-21-3 ,2
60145-22-4 ,2
60145-23-5 ,2
601-77-4 ,0
601-88-7 ,1
601-89-8 ,1
60207-90-1 ,2
60233-24-1 ,2
60233-25-2 ,2
603-11-2 ,1
6032-29-7 ,0
60-33-3 ,0
603-35-0 ,3
60-35-5 ,0
603-76-9 ,2
60415-61-4 ,0
604-53-5 ,4
604-75-1 ,2
6048-82-4 ,1
605-02-7 ,3
60-51-5 ,0
605-45-8 ,1
605-50-5 ,1
605-54-9 ,1
60-56-0 ,1
60-57-1 ,0
606-20-2 ,1
606-23-5 ,1
606-43-9 ,2
6069-98-3 ,0
607-90-9 ,1
607-91-0 ,1
607-99-8 ,1
60-80-0 ,2
608-21-9 ,1
608-27-5 ,1
608-33-3 ,1
608-71-9 ,1
60-87-7 ,2
608-90-2 ,1
608-93-5 ,1
609-14-3 ,0
609-19-8 ,1
609-23-4 ,1
609-26-7 ,0
609-72-3 ,1
609-93-8 ,1
610-15-1 ,1
610-30-0 ,1
610-39-9 ,1
610-40-2 ,1
610-48-0 ,3
610-94-6 ,1
610-96-8 ,1
610-97-9 ,1
611-06-3 ,1
611-13-2 ,1
611-14-3 ,1
611-15-4 ,1
611-19-8 ,1
611-20-1 ,1
611-21-2 ,1
611-32-5 ,2
611-74-5 ,1
6117-91-5 ,0
611-99-4 ,2
612-00-0 ,2
61213-25-0 ,1
612-28-2 ,1
612-41-9 ,1
612-58-8 ,2
612-60-2 ,2
612-71-5 ,4
612-75-9 ,2
612-78-2 ,4
61-28-9 ,1
612-94-2 ,3
6130-75-2 ,1
613-12-7 ,3
613-13-8 ,3
613-15-0 ,3
613-31-0 ,2
613-33-2 ,2
613-48-9 ,1
613-69-4 ,1
613-93-4 ,1
613-94-5 ,1
613-97-8 ,1
614-00-6 ,1
614-17-5 ,1
614-18-6 ,1
6144-93-0 ,0
614-61-9 ,1
614-68-6 ,1
6149-41-3 ,0
614-96-0 ,2
615-36-1 ,1
615-37-2 ,1
615-41-8 ,1
615-42-9 ,1
615-43-0 ,1
615-54-3 ,1
615-58-7 ,1
615-59-8 ,1
615-67-8 ,1
615-74-7 ,1
615-77-0 ,1
6158-45-8 ,2
616-12-6 ,0
6161-67-7 ,1
616-25-1 ,0
6163-64-0 ,0
616-39-7 ,0
616-43-3 ,1
616-44-4 ,1
616-45-5 ,0
616-47-7 ,1
6164-79-0 ,1
616-75-1 ,1
616-86-4 ,1
61-68-7 ,2
617-29-8 ,0
617-50-5 ,0
6175-23-1 ,0
6175-49-1 ,0
617-78-7 ,0
617-84-5 ,0
617-94-7 ,1
61798-70-7 ,2
6180-61-6 ,1
61-82-5 ,1
61827-85-8 ,1
618-36-0 ,1
618-45-1 ,1
618-51-9 ,1
618-62-2 ,1
61869-08-7 ,2
618-71-3 ,1
618-85-9 ,1
618-87-1 ,1
618-89-3 ,1
618-91-7 ,1
618-95-1 ,1
619-01-2 ,0
619-04-5 ,1
619-08-9 ,1
619-21-6 ,1
619-42-1 ,1
619-44-3 ,1
619-45-4 ,1
61949-76-6 ,2
61949-77-7 ,2
619-50-1 ,1
619-57-8 ,1
619-58-9 ,1
619-64-7 ,1
6196-58-3 ,0
619-66-9 ,1
619-73-8 ,1
619-80-7 ,1
619-84-1 ,1
619-86-3 ,1
619-99-8 ,0
620-02-0 ,1
620-05-3 ,1
620-08-6 ,1
620-11-1 ,0
620-14-4 ,1
620-16-6 ,1
62016-75-5 ,0
620-17-7 ,1
620-20-2 ,1
620-22-4 ,1
620-23-5 ,1
620-24-6 ,1
620-47-3 ,2
620-83-7 ,2
62103-66-6 ,0
62126-97-0 ,0
621-27-2 ,1
621-34-1 ,1
621-59-0 ,1
621-64-7 ,0
621-77-2 ,0
622-08-2 ,1
622-24-2 ,1
62-23-7 ,1
622-37-7 ,1
622-39-9 ,1
622-45-7 ,0
622-46-8 ,1
622-47-9 ,1
622-57-1 ,1
622-58-2 ,1
622-62-8 ,1
622-80-0 ,1
622-96-8 ,1
622-97-9 ,1
622-98-0 ,1
623-03-0 ,1
623-05-2 ,1
623-08-5 ,1
623-12-1 ,1
623-17-6 ,1
623-26-7 ,1
623-27-8 ,1
623-36-9 ,0
623-37-0 ,0
623-39-2 ,0
623-42-7 ,0
62346-96-7 ,1
623-50-7 ,0
623-51-8 ,0
623-56-3 ,0
623-59-6 ,0
623-76-7 ,0
623-78-9 ,0
624-16-8 ,0
624-17-9 ,0
624-24-8 ,0
624-29-3 ,0
624-31-7 ,1
624-38-4 ,1
62-44-2 ,1
624-42-0 ,0
624-48-6 ,0
624-54-4 ,0
624-89-5 ,0
624-92-0 ,0
624-95-3 ,0
625-06-9 ,0
625-16-1 ,0
625-23-0 ,0
625-25-2 ,0
625-27-4 ,0
625-31-0 ,0
62-53-3 ,1
625-33-2 ,0
625-38-7 ,0
625-44-5 ,0
625-45-6 ,0
625-50-3 ,0
625-52-5 ,0
625-58-1 ,0
625-60-5 ,0
62-56-6 ,0
625-69-4 ,0
62571-86-2 ,0
625-80-9 ,0
625-84-3 ,1
625-86-5 ,1
625-95-6 ,1
6259-76-3 ,1
625-98-9 ,1
625-99-0 ,1
626-00-6 ,1
626-01-7 ,1
626-02-8 ,1
6261-22-9 ,0
626-17-5 ,1
626-23-3 ,0
6262-51-7 ,0
626-33-5 ,0
626-39-1 ,1
626-55-1 ,1
626-56-2 ,0
626-58-4 ,0
626-60-8 ,1
626-61-9 ,1
626-62-0 ,0
626-67-5 ,0
626-77-7 ,0
626-82-4 ,0
626-89-1 ,0
626-93-7 ,0
626-97-1 ,0
627-03-2 ,0
627-05-4 ,0
627-06-5 ,0
627-08-7 ,0
627-13-4 ,0
627-18-9 ,0
627-27-0 ,0
627-30-5 ,0
627-35-0 ,0
627-39-4 ,0
627-42-9 ,0
627-44-1 ,0
627-45-2 ,0
62-75-9 ,0
627-59-8 ,0
627-90-7 ,0
627-93-0 ,0
62796-65-0 ,2
628-02-4 ,0
628-05-7 ,0
628-17-1 ,0
6281-94-3 ,0
628-28-4 ,0
628-29-5 ,0
628-32-0 ,0
6283-25-6 ,1
628-41-1 ,0
628-51-3 ,0
628-55-7 ,0
628-63-7 ,0
628-71-7 ,0
628-73-9 ,0
628-76-2 ,0
628-80-8 ,0
628-81-9 ,0
628-85-3 ,0
628-92-2 ,0
628-97-7 ,0
628-99-9 ,0
629-03-8 ,0
629-04-9 ,0
6290-49-9 ,0
629-05-0 ,0
629-06-1 ,0
629-08-3 ,0
629-11-8 ,0
629-14-1 ,0
629-19-6 ,0
629-20-9 ,0
629-27-6 ,0
629-30-1 ,0
629-32-3 ,0
629-33-4 ,0
6293-37-4 ,0
629-35-6 ,0
629-41-4 ,0
6294-31-1 ,0
629-45-8 ,0
629-50-5 ,0
629-58-3 ,0
629-59-4 ,0
629-62-9 ,0
629-65-2 ,0
629-66-3 ,0
629-70-9 ,0
629-73-2 ,0
6297-41-2 ,0
6297-42-3 ,0
6297-48-9 ,0
629-76-5 ,0
629-78-7 ,0
629-80-1 ,0
629-82-3 ,0
629-90-3 ,0
629-92-5 ,0
629-93-6 ,0
629-94-7 ,0
629-96-9 ,0
629-97-0 ,0
629-99-2 ,0
630-01-3 ,0
630-02-4 ,0
630-03-5 ,0
630-18-2 ,0
630-19-3 ,0
630-20-6 ,0
6304-89-8 ,1
63-05-8 ,0
63075-06-9 ,1
630-76-2 ,4
6316-30-9 ,1
631-64-1 ,0
632-14-4 ,0
632-22-4 ,0
632-46-2 ,1
63-25-2 ,2
6325-93-5 ,1
634-66-2 ,1
634-89-9 ,1
634-90-2 ,1
634-95-7 ,0
636-28-2 ,1
636-30-6 ,1
636-41-9 ,1
63675-72-9 ,1
636-76-0 ,1
637-07-0 ,1
63-74-1 ,1
637-50-3 ,1
637-59-2 ,1
637-78-5 ,0
6378-65-0 ,0
637-87-6 ,1
637-88-7 ,0
637-92-3 ,0
6379-73-3 ,1
638-00-6 ,1
638-02-8 ,1
638-04-0 ,0
638-11-9 ,0
638-36-8 ,0
638-45-9 ,0
638-46-0 ,0
638-49-3 ,0
638-53-9 ,0
638-59-5 ,0
638-66-4 ,0
638-67-5 ,0
63968-64-9 ,0
64-04-0 ,1
64-10-8 ,1
6418-43-5 ,0
6418-44-6 ,0
642-31-9 ,3
643-58-3 ,2
643-79-8 ,1
643-93-6 ,2
644-08-6 ,2
644-35-9 ,1
6443-92-1 ,0
644-49-5 ,0
645-09-0 ,1
6452-71-7 ,1
645-49-8 ,2
645-56-7 ,1
645-62-5 ,0
646-14-0 ,0
646-19-5 ,0
646-24-2 ,0
646-25-3 ,0
646-30-0 ,0
646-31-1 ,0
64-69-7 ,0
64-77-7 ,1
64902-72-3 ,2
6510-65-2 ,3
65144-02-7 ,0
6521-29-5 ,1
65-45-2 ,1
65-49-6 ,1
65510-44-3 ,2
65510-45-4 ,2
65611-31-6 ,0
65611-32-7 ,0
65611-33-8 ,0
6565-57-7 ,1
65-71-4 ,1
65757-61-1 ,1
65-85-0 ,1
659-70-1 ,0
66000-36-0 ,4
661-11-0 ,0
66-22-8 ,1
6624-57-3 ,0
66-25-1 ,0
6627-55-0 ,1
6627-76-5 ,0
6627-88-9 ,1
6630-33-7 ,1
6639-15-2 ,0
6639-30-1 ,1
66-56-8 ,1
6669-13-2 ,1
66-71-7 ,3
66722-44-9 ,1
6673-35-4 ,1
66-77-3 ,2
670-54-2 ,0
67-20-9 ,1
672-65-1 ,1
6728-26-3 ,0
673-04-1 ,1
6738-23-4 ,1
673-84-7 ,0
67-47-0 ,1
674-76-0 ,0
675-20-7 ,0
67-52-7 ,0
6753-98-6 ,0
67-66-3 ,0
67-68-5 ,0
67-72-1 ,0
6789-88-4 ,1
6790-58-5 ,0
6795-87-5 ,0
6796-33-4 ,1
680-31-9 ,0
68039-26-9 ,0
68-11-1 ,0
68-12-2 ,0
6813-21-4 ,0
68194-04-7 ,2
68194-05-8 ,2
68194-06-9 ,2
68194-07-0 ,2
68194-08-1 ,2
68194-09-2 ,2
68194-10-5 ,2
68194-11-6 ,2
68194-12-7 ,2
68194-13-8 ,2
68194-14-9 ,2
68194-15-0 ,2
68194-16-1 ,2
68194-17-2 ,2
68-22-4 ,0
68-35-9 ,2
68384-16-7 ,2
68-41-7 ,0
68443-63-0 ,0
6846-50-0 ,0
685-91-6 ,0
6863-58-7 ,0
6876-13-7 ,0
6876-23-9 ,0
6881-94-3 ,0
688-74-4 ,0
68-88-2 ,2
689-12-3 ,0
68-94-0 ,2
691-37-2 ,0
691-38-3 ,0
6915-15-7 ,0
6920-22-5 ,0
693-02-7 ,0
693-09-4 ,0
6931-16-4 ,2
693-54-9 ,0
693-58-3 ,0
6936-40-9 ,1
693-65-2 ,0
693-67-4 ,0
693-89-0 ,0
6940-78-9 ,0
694-52-0 ,1
694-59-7 ,1
694-80-4 ,1
694-83-7 ,0
694-85-9 ,1
694-91-7 ,0
695-06-7 ,0
695-12-5 ,0
695-98-7 ,1
696-29-7 ,0
696-30-0 ,1
696-44-6 ,1
69-65-8 ,0
696-59-3 ,0
696-62-8 ,1
696-71-9 ,0
6969-90-0 ,1
69-72-7 ,1
6975-98-0 ,0
697-82-5 ,1
69782-90-7 ,2
69782-91-8 ,2
698-71-5 ,1
69-89-6 ,2
700-12-9 ,1
700-38-9 ,1
7005-72-3 ,2
700-58-3 ,0
70-11-1 ,1
7012-37-5 ,2
701-34-8 ,1
70-34-8 ,1
70362-41-3 ,2
70362-45-7 ,2
70362-46-8 ,2
70362-47-9 ,2
70362-50-4 ,2
70424-70-3 ,2
7045-71-8 ,0
70458-96-7 ,2
70-55-3 ,1
706-14-9 ,0
706-31-0 ,0
7068-83-9 ,0
70688-47-0 ,0
70-70-2 ,1
7087-68-5 ,0
71125-38-7 ,2
7116-95-2 ,2
712-50-5 ,1
71-30-7 ,1
7132-64-1 ,0
713-36-0 ,2
71-36-3 ,0
713-68-8 ,2
71-41-0 ,0
71-43-2 ,1
7145-20-2 ,0
7146-60-3 ,0
7151-68-0 ,1
7154-79-2 ,0
71-55-6 ,0
716-53-0 ,3
717-74-8 ,1
71963-77-4 ,0
719-79-9 ,2
72-14-0 ,2
721-50-6 ,1
72-20-8 ,0
723-46-6 ,2
723-62-6 ,3
7239-24-9 ,0
72-43-5 ,2
72-48-0 ,2
72490-01-8 ,2
72509-76-3 ,1
72-54-8 ,2
72-55-9 ,2
72-56-0 ,2
72-63-9 ,0
72-69-5 ,2
72-80-0 ,2
7287-19-6 ,1
7289-52-3 ,0
72937-55-4 ,1
7295-76-3 ,1
729-81-7 ,1
7299-91-4 ,0
729-99-7 ,2
7307-02-0 ,0
7307-55-3 ,0
7309-43-5 ,0
7318-67-4 ,0
7319-00-8 ,0
73209-42-4 ,1
73-24-5 ,2
73-31-4 ,2
7336-27-8 ,0
73-40-5 ,2
73575-52-7 ,2
73575-53-8 ,2
73575-54-9 ,2
73575-55-0 ,2
73575-56-1 ,2
73575-57-2 ,2
7359-72-0 ,1
7364-19-4 ,1
7372-88-5 ,3
7373-13-9 ,0
7385-78-6 ,0
738-70-5 ,2
7397-06-0 ,1
739-71-9 ,2
7400-08-0 ,1
74082-06-7 ,0
74-11-3 ,1
7421-93-4 ,0
74304-03-3 ,1
74338-23-1 ,2
74338-24-2 ,2
74339-49-4 ,0
74339-50-7 ,0
74339-53-0 ,0
74339-54-1 ,0
74472-33-6 ,2
74472-35-8 ,2
74472-37-0 ,2
74472-38-1 ,2
74472-42-7 ,2
74472-43-8 ,2
74472-44-9 ,2
74472-46-1 ,2
74472-47-2 ,2
74472-49-4 ,2
74472-51-8 ,2
74472-52-9 ,2
74472-53-0 ,2
74487-85-7 ,2
7452-79-1 ,0
7487-94-7 ,0
74-95-3 ,0
74-97-5 ,0
75-03-6 ,0
75-11-6 ,0
75-12-7 ,0
75128-73-3 ,2
75-15-0 ,0
75-25-2 ,0
75-26-3 ,0
75-27-4 ,0
75-30-9 ,0
75-33-2 ,0
754-10-9 ,0
75-47-8 ,0
7553-56-2 ,0
7554-65-6 ,1
75-62-7 ,0
75-64-9 ,0
75-66-1 ,0
756-79-6 ,0
75695-93-1 ,2
75-75-2 ,0
75-83-2 ,0
75-84-3 ,0
75-85-4 ,0
75-87-6 ,0
758-96-3 ,0
75-91-2 ,0
75-96-7 ,0
75-97-8 ,0
75-98-9 ,0
76-00-6 ,0
76-01-7 ,0
760-20-3 ,0
760-21-4 ,0
76-03-9 ,0
76-06-2 ,0
7611-86-1 ,0
7611-87-2 ,0
76-11-9 ,0
76-12-0 ,0
761-65-9 ,0
76-17-5 ,0
76-22-2 ,0
762-62-9 ,0
762-75-4 ,0
762-84-5 ,0
76291-19-5 ,1
763-29-1 ,0
76-38-0 ,0
764-01-2 ,0
7642-15-1 ,0
76-42-6 ,1
764-35-2 ,0
76-44-8 ,0
764-60-3 ,0
764-84-1 ,0
76-49-3 ,0
764-93-2 ,0
765-03-7 ,0
765-04-8 ,0
765-09-3 ,0
765-43-5 ,0
76-57-3 ,1
766-05-2 ,0
766-09-6 ,0
7661-39-4 ,2
7661-55-4 ,2
766-51-8 ,1
76674-21-0 ,3
766-84-7 ,1
767-00-0 ,1
76738-62-0 ,2
76-74-4 ,0
76-75-5 ,0
767-58-8 ,1
767-59-9 ,1
767-60-2 ,1
76824-35-6 ,1
76-84-6 ,3
7688-21-3 ,0
768-90-1 ,0
768-94-5 ,0
768-95-6 ,0
76-93-7 ,2
769-39-1 ,1
77078-18-3 ,0
77-10-1 ,1
771-56-2 ,1
771-61-9 ,1
771-99-3 ,1
7726-95-6 ,0
77-27-0 ,0
77-36-1 ,2
77-37-2 ,1
773-76-2 ,2
77-47-4 ,0
77-53-2 ,0
776-35-2 ,2
77-65-6 ,0
77-67-8 ,0
77-73-6 ,0
7774-29-0 ,0
77-74-7 ,0
77-76-9 ,0
77-78-1 ,0
77-83-8 ,1
77-86-1 ,0
7786-34-7 ,0
7786-61-0 ,1
7789-47-1 ,0
779-02-2 ,3
77-92-9 ,0
77-93-0 ,0
78-00-2 ,0
78-11-5 ,0
781-43-1 ,3
78-30-8 ,3
78-32-0 ,3
78-40-0 ,0
78-44-4 ,0
78-59-1 ,0
78-69-3 ,0
78-70-6 ,0
78755-81-4 ,2
78-76-2 ,0
78-77-3 ,0
78-81-9 ,0
78-82-0 ,0
78-83-1 ,0
78-86-4 ,0
78-87-5 ,0
78-90-0 ,0
789-02-6 ,2
78-92-2 ,0
78-95-5 ,0
79-00-5 ,0
79-01-6 ,0
79-04-9 ,0
79-05-0 ,0
79-08-3 ,0
79-11-8 ,0
791-28-6 ,3
79-14-1 ,0
79-16-3 ,0
79-24-3 ,0
79-27-6 ,0
79-29-8 ,0
79-31-2 ,0
79-34-5 ,0
79-41-4 ,0
79-43-6 ,0
79-46-9 ,0
79617-96-2 ,2
79-77-6 ,0
79-92-5 ,0
79-94-7 ,2
79983-71-4 ,2
80-05-7 ,2
80-07-9 ,2
80-08-0 ,2
80-26-2 ,0
80-35-3 ,2
80-46-6 ,1
80-54-6 ,1
80-56-8 ,0
80-58-0 ,0
80-62-6 ,0
81-15-2 ,1
81-20-9 ,1
814-67-5 ,0
814-78-8 ,0
815-24-7 ,0
816-11-5 ,0
816-19-3 ,0
816-79-5 ,0
81-81-2 ,3
818-38-2 ,0
821-07-8 ,0
821-08-9 ,0
821-09-0 ,0
821-55-6 ,0
821-95-4 ,0
822-06-0 ,0
822-13-9 ,0
822-20-8 ,0
822-23-1 ,0
822-24-2 ,0
822-50-4 ,0
822-67-3 ,0
822-87-7 ,0
823-04-1 ,1
823-09-6 ,1
823-76-7 ,0
82410-32-0 ,2
824-22-6 ,1
82-44-0 ,2
824-63-5 ,1
824-75-9 ,1
82558-50-7 ,2
82626-48-0 ,3
826-77-7 ,2
826-81-3 ,2
82-68-8 ,1
828-51-3 ,0
829-26-5 ,2
830-13-7 ,0
83015-26-3 ,2
83-07-8 ,2
830-96-6 ,2
831-61-8 ,1
831-82-3 ,2
832-10-0 ,0
832-64-4 ,3
832-69-9 ,3
832-71-3 ,3
83-32-9 ,2
83-34-1 ,2
833-48-7 ,2
83-38-5 ,1
83-41-0 ,1
834-12-8 ,1
83-42-1 ,1
835-31-4 ,2
83-56-7 ,2
83-67-0 ,2
83-73-8 ,2
84057-84-1 ,2
84057-95-4 ,1
841-06-5 ,1
84-11-7 ,2
84-15-1 ,3
84-16-2 ,2
84-17-3 ,2
84-22-0 ,1
84-51-5 ,2
84-54-8 ,2
84-61-7 ,1
84-62-8 ,3
846-48-0 ,0
846-50-4 ,2
84-65-1 ,2
84-66-2 ,1
84-69-5 ,1
84-74-2 ,1
84-75-3 ,1
84-76-4 ,1
84-78-6 ,1
84-96-8 ,2
85-01-8 ,3
85-02-9 ,3
85-06-3 ,3
85-18-7 ,2
85-41-6 ,1
85-44-9 ,1
855-38-9 ,3
85-68-7 ,2
85-69-8 ,1
85721-33-1 ,2
85-79-0 ,2
85-85-8 ,3
86-00-0 ,2
86-21-5 ,2
86-22-6 ,2
86-28-2 ,3
86-30-6 ,2
86-34-0 ,1
865-52-1 ,0
86-55-5 ,2
86-57-7 ,2
86-73-7 ,2
86-74-8 ,3
86-81-7 ,1
868-57-5 ,0
86-86-2 ,2
86-87-3 ,2
868-85-9 ,0
870-23-5 ,0
87-17-2 ,2
871-83-0 ,0
872-05-9 ,0
872-10-6 ,0
872-50-4 ,0
872-55-9 ,1
872-85-5 ,1
87-33-2 ,0
873-32-5 ,1
873-49-4 ,1
873-62-1 ,1
873-63-2 ,1
873-74-5 ,1
873-76-7 ,1
87-40-1 ,1
87-41-2 ,1
874-14-6 ,1
87-42-3 ,2
874-35-1 ,1
874-41-9 ,1
87-44-5 ,0
874-63-5 ,1
874-90-8 ,1
87-51-4 ,2
87-59-2 ,1
87-61-6 ,1
876-20-0 ,1
87-62-7 ,1
87-65-0 ,1
87-66-1 ,1
87-68-3 ,0
877-11-2 ,1
877-43-0 ,2
877-44-1 ,1
878-13-7 ,0
87-82-1 ,1
87-83-2 ,1
87-85-4 ,1
87-86-5 ,1
87-91-2 ,0
879-39-0 ,1
87-99-0 ,0
88-04-0 ,1
88-05-1 ,1
88-06-2 ,1
88-18-6 ,1
88-19-7 ,1
882-33-7 ,2
88-30-2 ,1
883-20-5 ,3
88495-63-0 ,0
88591-28-0 ,0
88-60-8 ,1
886-50-0 ,1
88-65-3 ,1
88-67-5 ,1
88-69-7 ,1
88-72-2 ,1
88-73-3 ,1
88-74-4 ,1
88-75-5 ,1
88-85-7 ,1
88-89-1 ,1
88-99-3 ,1
89-41-8 ,1
89-48-5 ,0
89-52-1 ,1
89-55-4 ,1
89-57-6 ,1
89-59-8 ,1
89-60-1 ,1
89-61-2 ,1
89-64-5 ,1
89-69-0 ,1
89-71-4 ,1
89-72-5 ,1
89-78-1 ,0
89-81-6 ,0
89816-53-5 ,3
89816-75-1 ,3
89817-03-8 ,3
89-82-7 ,0
89-83-8 ,1
89-86-1 ,1
89-95-2 ,1
89-96-3 ,1
89-98-5 ,1
90-00-6 ,1
90-01-7 ,1
90-02-8 ,1
90-04-0 ,1
90-05-1 ,1
90-11-9 ,2
90-12-0 ,2
90-13-1 ,2
90-15-3 ,2
90-41-5 ,2
90-43-7 ,2
90-47-1 ,3
90-64-2 ,1
90-84-6 ,1
90-90-4 ,2
90-94-8 ,2
90-98-2 ,2
91-01-0 ,2
91-10-1 ,1
91-15-6 ,1
91-16-7 ,1
91-17-8 ,0
91-19-0 ,2
91-20-3 ,2
91-22-5 ,2
91-23-6 ,1
91323-12-5 ,1
91-55-4 ,2
91-57-6 ,2
91-58-7 ,2
91-59-8 ,2
91-62-3 ,2
91-63-4 ,2
91-64-5 ,2
91-66-7 ,1
91-67-8 ,1
918-02-5 ,0
91-84-9 ,2
918-84-3 ,0
91-94-1 ,2
919-94-8 ,0
92-04-6 ,2
92-06-8 ,3
921-04-0 ,0
921-47-1 ,0
922-28-1 ,0
92-24-0 ,4
922-62-3 ,0
923-28-4 ,0
924-16-3 ,0
924-43-6 ,0
924-46-9 ,0
924-50-5 ,0
92-51-3 ,0
925-15-5 ,0
92-52-4 ,2
925-60-0 ,0
925-78-0 ,0
92623-85-3 ,1
926-56-7 ,0
926-63-6 ,0
926-64-7 ,0
92-67-1 ,2
926-82-9 ,0
92-69-3 ,2
92-71-7 ,3
927-49-1 ,0
927-73-1 ,0
927-74-2 ,0
92-83-1 ,2
928-40-5 ,0
92-84-2 ,2
928-49-4 ,0
928-51-8 ,0
92-85-3 ,2
928-68-7 ,0
92-87-5 ,2
928-80-3 ,0
92-88-6 ,2
928-90-5 ,0
928-92-7 ,0
928-94-9 ,0
928-95-0 ,0
928-96-1 ,0
928-97-2 ,0
92-92-2 ,2
92-93-3 ,2
92-94-4 ,3
930-27-8 ,1
930-28-9 ,0
930-30-3 ,0
930-36-9 ,1
93-04-9 ,2
930-55-2 ,0
93-07-2 ,1
93-08-3 ,2
93-09-4 ,2
930-99-4 ,0
931-20-4 ,0
93-15-2 ,1
931-54-4 ,1
931-56-6 ,0
931-63-5 ,1
93-18-5 ,2
931-87-3 ,0
93-19-6 ,2
932-32-1 ,1
93-25-4 ,1
932-96-7 ,1
933-11-9 ,0
933-67-5 ,2
933-75-5 ,1
93-37-8 ,2
933-78-8 ,1
933-98-2 ,1
93413-69-5 ,1
934-53-2 ,1
934-74-7 ,1
934-80-5 ,1
93-51-6 ,1
935-28-4 ,1
93-54-9 ,1
93-55-0 ,1
93-58-3 ,1
935-95-5 ,1
93-60-7 ,1
936-89-0 ,1
93-76-5 ,1
938-22-7 ,1
938-33-0 ,2
938-86-3 ,1
93-89-0 ,1
93-91-4 ,1
939-23-1 ,2
93-92-5 ,1
939-27-5 ,2
939-57-1 ,1
93-99-2 ,2
940-64-7 ,1
940-71-6 ,0
94-08-6 ,1
94-09-7 ,1
94-12-2 ,1
94-13-3 ,1
94-14-4 ,1
94-18-8 ,2
94-20-2 ,1
94-24-6 ,1
94-25-7 ,1
94-26-8 ,1
942-92-7 ,1
94-36-0 ,2
94-50-8 ,1
945-51-7 ,2
94-59-7 ,1
94-62-2 ,1
94-68-8 ,1
94-70-2 ,1
94-71-3 ,1
94-75-7 ,1
947-73-9 ,3
94-78-0 ,2
947-84-2 ,2
947-92-2 ,0
94-82-6 ,1
948-65-2 ,3
95-13-6 ,1
95-14-7 ,2
95-15-8 ,2
95-16-9 ,2
95-20-5 ,2
95-46-5 ,1
95-47-6 ,1
95-48-7 ,1
95-49-8 ,1
95-50-1 ,1
95-51-2 ,1
95-52-3 ,1
95-53-4 ,1
95-54-5 ,1
95-55-6 ,1
95-56-7 ,1
95-57-8 ,1
95-63-6 ,1
95-64-7 ,1
95-65-8 ,1
95-68-1 ,1
95-69-2 ,1
95-72-7 ,1
95-73-8 ,1
95-75-0 ,1
957-51-7 ,2
95-76-1 ,1
95-77-2 ,1
95-78-3 ,1
95-79-4 ,1
95-87-4 ,1
95-92-1 ,0
95-93-2 ,1
95-94-3 ,1
95-95-4 ,1
959-98-8 ,0
96-05-9 ,0
96-09-3 ,1
96-12-8 ,0
96-14-0 ,0
96-17-3 ,0
96-18-4 ,0
96-22-0 ,0
96-23-1 ,0
96-24-2 ,0
96-29-7 ,0
96-31-1 ,0
96-33-3 ,0
96-37-7 ,0
96-39-9 ,0
96-41-3 ,0
96-47-9 ,0
96-48-0 ,0
96-49-1 ,0
96-54-8 ,1
96-76-4 ,1
96-83-3 ,1
96-88-8 ,1
96-91-3 ,1
96-98-0 ,1
96-99-1 ,1
97-00-7 ,1
97-05-2 ,1
97-53-0 ,1
97-54-1 ,1
97-61-0 ,0
97-62-1 ,0
97-63-2 ,0
97-64-3 ,0
97-77-8 ,0
97-85-8 ,0
97-86-9 ,0
97-87-0 ,0
97-88-1 ,0
97-95-0 ,0
97-96-1 ,0
98-00-0 ,1
98-01-1 ,1
98-03-3 ,1
98-06-6 ,1
98-07-7 ,1
98-08-8 ,1
98-10-2 ,1
98106-17-3 ,3
98-11-3 ,1
98-17-9 ,1
98-18-0 ,1
98-19-1 ,1
98-51-1 ,1
98-54-4 ,1
98-55-5 ,0
98-56-6 ,1
98-64-6 ,1
98-82-8 ,1
98-83-9 ,1
98-85-1 ,1
98-86-2 ,1
98-87-3 ,1
98-89-5 ,0
98-94-2 ,0
98-95-3 ,1
99-03-6 ,1
99-04-7 ,1
99-05-8 ,1
99-06-9 ,1
99-08-1 ,1
99-09-2 ,1
99-10-5 ,1
99-12-7 ,1
99-14-9 ,0
99-28-5 ,1
993-13-5 ,0
99-34-3 ,1
99-35-4 ,1
99-36-5 ,1
994-05-8 ,0
99-48-9 ,0
99-49-0 ,0
99-50-3 ,1
99-51-4 ,1
99-53-6 ,1
99-54-7 ,1
99-61-6 ,1
99-62-7 ,1
996-35-0 ,0
99-65-0 ,1
99-66-1 ,0
99-71-8 ,1
99-75-2 ,1
99-76-3 ,1
997-95-5 ,0
99-83-2 ,0
99-84-3 ,0
99-85-4 ,0
99-86-5 ,0
99-87-6 ,1
99-88-7 ,1
99-89-8 ,1
99-90-1 ,1
99-91-2 ,1
99-92-3 ,1
99-93-4 ,1
99-94-5 ,1
999-55-3 ,0
99-96-7 ,1
99-97-8 ,1
99-99-0 ,1
